id,first_name,last_name
1,Kelly,G.
2,Harry,A.
3,Marie,W.
4,Kathryn,N.
5,Frank,G.
6,Jennifer,L.
7,Louise,E.
8,Elizabeth,O.
9,Todd,D.
10,Dennis,N.
11,Steve,C.
12,Amy,C.
13,Johnny,K.
14,Katherine,G.
15,Shawn,O.
16,Phillip,N.
17,Jane,F.
18,Theresa,L.
19,Theresa,R.
20,Anna,C.
21,Gregory,M.
22,Arthur,E.
23,Gloria,F.
24,Gloria,T.
25,Timothy,A.
26,Aaron,N.
27,Adam,F.
28,Todd,F.
29,Kimberly,M.
30,Amanda,O.
31,Shirley,E.
32,Virginia,J.
33,Howard,K.
34,Anne,S.
35,Margaret,O.
36,Henry,W.
37,Joshua,F.
38,Anne,L.
39,Kathryn,S.
40,Shawn,N.
41,Harry,L.
42,Frances,F.
43,Scott,D.
44,Brenda,D.
45,Anne,B.
46,Johnny,T.
47,Howard,S.
48,Dennis,S.
49,Kelly,M.
50,Brenda,B.
51,Jean,F.
52,Jean,A.
53,Sean,S.
54,Barbara,D.
55,Frances,W.
56,Laura,K.
57,Katherine,O.
58,Steve,R.
59,Victor,P.
60,Lisa,H.
61,Henry,G.
62,Jason,R.
63,Jennifer,M.
64,Fred,G.
65,Mary,S.
66,Nicole,T.
67,Jennifer,G.
68,Willie,J.
69,Gloria,L.
70,Alan,D.
71,Arthur,B.
72,Billy,K.
73,Maria,H.
74,Helen,K.
75,Frances,O.
76,Joshua,K.
77,Jesse,A.
78,Lisa,B.
79,Judy,H.
80,Timothy,A.
81,Harold,N.
82,Willie,P.
83,Sean,B.
84,Christina,O.
85,Johnny,M.
86,Kathleen,J.
87,Steve,G.
88,Billy,N.
89,Scott,N.
90,Gerald,A.
91,Aaron,N.
92,Billy,P.
93,Laura,B.
94,Jack,A.
95,Jane,O.
96,Barbara,P.
97,Helen,J.
98,Theresa,M.
99,Anna,K.
100,Elizabeth,L.
101,Edward,E.
102,Jacqueline,P.
103,Steve,D.
104,Jason,N.
105,Norma,T.
106,Christina,P.
107,Jennifer,B.
108,Kimberly,K.
109,Harold,W.
110,Rose,F.
111,Louise,M.
112,Rose,A.
113,Janet,P.
114,Gerald,C.
115,Harry,D.
116,Jane,P.
117,Edward,N.
118,Janet,K.
119,Marie,J.
120,Harold,S.
121,Kelly,A.
122,Sean,D.
123,Gerald,F.
124,Shirley,C.
125,Edward,W.
126,Kathryn,A.
127,Mildred,F.
128,Anne,C.
129,Henry,T.
130,Lillian,A.
131,Frank,O.
132,Jane,P.
133,Todd,F.
134,Theresa,M.
135,Barbara,A.
136,Jean,S.
137,Kelly,P.
138,Benjamin,T.
139,Maria,C.
140,Phillip,J.
141,Shirley,T.
142,Jimmy,F.
143,Virginia,N.
144,Mary,L.
145,Teresa,L.
146,Victor,H.
147,Margaret,M.
148,Paul,F.
149,David,P.
150,Anna,H.
151,Nicholas,W.
152,Frances,A.
153,Benjamin,L.
154,Andrea,O.
155,Jesse,E.
156,Norma,P.
157,Mildred,S.
158,Christina,J.
159,Martin,S.
160,Harold,C.
161,Sara,R.
162,Mildred,O.
163,Thomas,G.
164,Edward,O.
165,Barbara,W.
166,Janet,O.
167,Mildred,L.
168,Willie,P.
169,Gloria,E.
170,Jack,F.
171,Martin,P.
172,Phillip,E.
173,Margaret,F.
174,Anne,B.
175,Arthur,R.
176,Theresa,J.
177,Amy,P.
178,Howard,G.
179,Diana,N.
180,Laura,E.
181,Margaret,A.
182,Howard,C.
183,Johnny,E.
184,Amanda,C.
185,Martin,G.
186,Joshua,G.
187,Jacqueline,K.
188,Lisa,K.
189,Andrea,W.
190,Helen,E.
191,Elizabeth,D.
192,Thomas,J.
193,Todd,T.
194,Mildred,O.
195,Sean,W.
196,Arthur,F.
197,Jennifer,H.
198,Timothy,D.
199,Paul,T.
200,Norma,K.
201,Benjamin,O.
202,Marie,N.
203,Fred,F.
204,Jesse,G.
205,Barbara,F.
206,Todd,O.
207,Jason,M.
208,Lisa,R.
209,Norma,N.
210,Lisa,D.
211,David,C.
212,Dennis,W.
213,Gregory,K.
214,Sara,O.
215,Lisa,B.
216,Lillian,K.
217,Louise,W.
218,Billy,F.
219,Lillian,N.
220,Judy,R.
221,Amy,F.
222,Jean,R.
223,Kathleen,S.
224,Gloria,J.
225,David,R.
226,Rose,M.
227,Jesse,R.
228,Kathryn,H.
229,Gregory,B.
230,Jane,L.
231,Sean,L.
232,Gregory,M.
233,Kimberly,L.
234,Scott,G.
235,Edward,E.
236,Phillip,B.
237,Adam,P.
238,Edward,J.
239,Thomas,L.
240,Nicole,B.
241,Mary,K.
242,Jack,J.
243,Kathleen,J.
244,Harry,H.
245,Jacqueline,O.
246,Scott,F.
247,Nicole,J.
248,Louise,B.
249,Adam,N.
250,Lisa,P.
251,Fred,O.
252,Scott,J.
253,Scott,T.
254,Steve,R.
255,Helen,R.
256,Sarah,D.
257,Jesse,F.
258,Christina,C.
259,Gerald,M.
260,Martin,S.
261,Mary,R.
262,Laura,E.
263,Jason,G.
264,Rose,N.
265,Todd,L.
266,Adam,D.
267,Louise,E.
268,Michael,J.
269,Harry,D.
270,Arthur,O.
271,Gerald,O.
272,Phillip,R.
273,Norma,R.
274,Johnny,B.
275,Maria,S.
276,Willie,D.
277,Mary,C.
278,Arthur,P.
279,Jacqueline,K.
280,Kathryn,J.
281,Shawn,W.
282,Benjamin,E.
283,Kimberly,M.
284,Thomas,P.
285,Anne,D.
286,Rose,J.
287,Kathleen,C.
288,Nicholas,S.
289,Gloria,D.
290,Scott,E.
291,Harry,B.
292,Virginia,C.
293,Anna,A.
294,Marie,O.
295,Steve,J.
296,Teresa,F.
297,Arthur,J.
298,Norma,L.
299,Helen,T.
300,Kathleen,C.
