id,user_id,order_date,status
1,153,2026-10-06,return_pending
2,171,2026-10-05,completed
3,252,2026-10-05,completed
4,208,2026-10-06,returned
5,193,2026-10-06,return_pending
6,262,2026-10-02,completed
7,188,2026-10-04,returned
8,202,2026-10-02,completed
9,182,2026-10-04,placed
10,87,2026-10-02,placed
11,66,2026-10-03,placed
12,213,2026-10-01,returned
13,274,2026-10-02,placed
14,20,2026-10-01,return_pending
15,82,2026-10-02,return_pending
16,87,2026-10-03,returned
17,134,2026-09-30,shipped
18,154,2026-10-02,completed
19,293,2026-10-05,returned
20,208,2026-10-06,shipped
21,90,2026-09-24,placed
22,107,2026-09-29,completed
23,33,2026-09-26,returned
24,224,2026-09-24,completed
25,73,2026-09-26,returned
26,58,2026-09-27,shipped
27,211,2026-09-26,placed
28,6,2026-09-30,return_pending
29,287,2026-09-23,returned
30,265,2026-09-25,placed
31,193,2026-09-23,returned
32,255,2026-10-04,placed
33,128,2026-09-30,return_pending
34,48,2026-10-03,shipped
35,10,2026-10-02,returned
36,126,2026-10-01,shipped
37,75,2026-10-06,placed
38,5,2026-10-06,placed
39,125,2026-09-28,returned
40,254,2026-09-26,returned
41,80,2026-09-26,shipped
42,225,2026-09-30,returned
43,261,2026-09-26,placed
44,12,2026-09-30,placed
45,134,2026-09-28,completed
46,146,2026-09-28,returned
47,199,2026-09-26,returned
48,68,2026-09-28,completed
49,20,2026-09-26,completed
50,124,2026-09-26,shipped
51,46,2026-09-30,shipped
52,169,2026-10-03,return_pending
53,182,2026-10-04,placed
54,181,2026-10-06,placed
55,259,2026-09-26,completed
56,38,2026-09-29,shipped
57,297,2026-09-24,completed
58,110,2026-09-29,completed
59,76,2026-09-28,completed
60,278,2026-09-30,returned
61,16,2026-10-01,returned
62,283,2026-09-27,completed
63,234,2026-10-03,returned
64,210,2026-09-29,return_pending
65,268,2026-09-28,placed
66,132,2026-09-28,placed
67,196,2026-09-30,return_pending
68,289,2026-10-03,completed
69,93,2026-10-01,placed
70,159,2026-09-27,shipped
71,65,2026-09-29,completed
72,205,2026-09-30,shipped
73,5,2026-10-06,return_pending
74,282,2026-09-30,returned
75,285,2026-10-06,returned
76,124,2026-09-24,return_pending
77,279,2026-09-24,completed
78,205,2026-10-05,completed
79,5,2026-09-29,completed
80,263,2026-10-04,return_pending
81,211,2026-09-27,return_pending
82,16,2026-09-27,shipped
83,201,2026-09-24,returned
84,45,2026-09-27,return_pending
85,294,2026-09-28,returned
86,30,2026-09-25,returned
87,116,2026-09-30,shipped
88,167,2026-10-05,completed
89,64,2026-10-04,completed
90,15,2026-09-24,completed
91,291,2026-10-03,placed
92,275,2026-10-01,return_pending
93,165,2026-10-06,returned
94,138,2026-10-04,completed
95,118,2026-09-29,return_pending
96,270,2026-10-02,completed
97,222,2026-09-29,completed
98,154,2026-10-04,returned
99,122,2026-09-27,shipped
100,72,2026-09-27,shipped
101,220,2026-10-05,shipped
102,118,2026-10-02,return_pending
103,114,2026-09-28,shipped
104,164,2026-09-23,returned
105,105,2026-09-25,returned
106,62,2026-10-03,return_pending
107,131,2026-10-06,return_pending
108,2,2026-10-05,return_pending
109,268,2026-09-28,completed
110,129,2026-09-29,shipped
111,267,2026-09-29,return_pending
112,70,2026-09-27,shipped
113,150,2026-09-27,return_pending
114,34,2026-09-30,completed
115,61,2026-10-01,completed
116,283,2026-10-01,returned
117,154,2026-09-25,return_pending
118,227,2026-09-27,return_pending
119,91,2026-10-02,returned
120,208,2026-09-24,return_pending
121,252,2026-09-30,returned
122,227,2026-09-26,returned
123,300,2026-10-01,return_pending
124,76,2026-10-03,shipped
125,232,2026-09-28,shipped
126,162,2026-10-01,completed
127,169,2026-10-05,shipped
128,13,2026-10-05,return_pending
129,59,2026-09-30,shipped
130,17,2026-10-03,shipped
131,218,2026-10-04,returned
132,270,2026-09-27,placed
133,51,2026-09-26,return_pending
134,72,2026-09-23,placed
135,287,2026-10-02,returned
136,21,2026-09-28,return_pending
137,283,2026-09-23,returned
138,167,2026-09-27,completed
139,32,2026-09-26,return_pending
140,70,2026-09-25,return_pending
141,251,2026-10-06,placed
142,164,2026-09-25,completed
143,157,2026-10-01,completed
144,97,2026-09-30,returned
145,110,2026-10-01,completed
146,205,2026-10-04,return_pending
147,214,2026-09-24,returned
148,61,2026-09-25,placed
149,141,2026-09-23,placed
150,194,2026-09-30,placed
151,295,2026-10-04,return_pending
152,294,2026-09-28,shipped
153,140,2026-09-23,shipped
154,95,2026-09-23,placed
155,84,2026-10-04,return_pending
156,225,2026-09-23,shipped
157,153,2026-10-03,completed
158,251,2026-09-28,placed
159,88,2026-09-25,shipped
160,228,2026-10-03,placed
161,41,2026-09-27,placed
162,43,2026-09-30,return_pending
163,109,2026-09-27,return_pending
164,264,2026-09-26,placed
165,299,2026-09-27,return_pending
166,155,2026-10-02,placed
167,155,2026-09-27,completed
168,77,2026-09-24,placed
169,47,2026-09-27,return_pending
170,63,2026-09-29,returned
171,115,2026-09-27,placed
172,8,2026-09-23,return_pending
173,278,2026-09-28,placed
174,137,2026-10-03,placed
175,160,2026-10-01,returned
176,30,2026-10-05,completed
177,228,2026-09-24,placed
178,12,2026-09-27,placed
179,117,2026-10-06,completed
180,10,2026-10-03,placed
181,129,2026-10-05,returned
182,99,2026-10-05,return_pending
183,240,2026-10-05,return_pending
184,276,2026-09-24,return_pending
185,72,2026-09-26,return_pending
186,171,2026-10-04,returned
187,107,2026-10-01,returned
188,205,2026-09-23,return_pending
189,20,2026-09-27,completed
190,243,2026-10-05,completed
191,11,2026-09-29,placed
192,144,2026-10-03,placed
193,266,2026-09-24,completed
194,192,2026-10-04,return_pending
195,55,2026-09-27,return_pending
196,78,2026-10-02,placed
197,21,2026-10-02,return_pending
198,224,2026-09-25,return_pending
199,152,2026-09-30,placed
200,58,2026-10-05,return_pending
201,146,2026-09-30,shipped
202,282,2026-10-06,placed
203,55,2026-10-01,shipped
204,242,2026-09-24,shipped
205,140,2026-09-29,placed
206,259,2026-09-25,placed
207,122,2026-09-26,return_pending
208,205,2026-10-02,shipped
209,158,2026-09-29,shipped
210,71,2026-09-28,returned
211,214,2026-10-03,completed
212,68,2026-10-02,return_pending
213,103,2026-09-29,returned
214,90,2026-10-01,return_pending
215,24,2026-10-01,returned
216,102,2026-09-23,shipped
217,128,2026-09-29,shipped
218,40,2026-09-23,completed
219,18,2026-10-05,returned
220,135,2026-09-25,return_pending
221,92,2026-10-04,completed
222,229,2026-10-05,completed
223,39,2026-09-24,returned
224,184,2026-09-29,returned
225,240,2026-10-03,return_pending
226,289,2026-10-06,returned
227,295,2026-09-24,completed
228,186,2026-10-05,returned
229,146,2026-10-04,return_pending
230,173,2026-10-04,shipped
231,2,2026-09-30,returned
232,280,2026-09-25,returned
233,38,2026-09-28,returned
234,212,2026-09-29,returned
235,157,2026-10-02,return_pending
236,71,2026-09-30,shipped
237,232,2026-09-27,shipped
238,107,2026-10-05,completed
239,233,2026-09-23,completed
240,245,2026-10-05,placed
241,137,2026-09-25,completed
242,43,2026-10-06,placed
243,63,2026-10-06,returned
244,260,2026-09-30,placed
245,115,2026-10-02,placed
246,167,2026-09-24,shipped
247,258,2026-10-05,returned
248,165,2026-09-24,return_pending
249,68,2026-09-28,return_pending
250,207,2026-10-01,shipped
251,173,2026-09-24,placed
252,232,2026-10-01,returned
253,98,2026-09-28,shipped
254,288,2026-10-01,completed
255,76,2026-09-29,placed
256,77,2026-09-23,completed
257,229,2026-10-03,completed
258,21,2026-09-26,returned
259,139,2026-10-02,placed
260,100,2026-09-24,placed
261,70,2026-09-26,shipped
262,297,2026-09-26,placed
263,112,2026-09-30,returned
264,240,2026-10-02,returned
265,286,2026-10-06,shipped
266,137,2026-09-25,returned
267,126,2026-10-01,returned
268,58,2026-10-03,placed
269,186,2026-09-24,completed
270,261,2026-10-04,placed
271,118,2026-09-26,returned
272,3,2026-10-04,placed
273,153,2026-10-02,returned
274,68,2026-10-04,return_pending
275,296,2026-10-02,shipped
276,225,2026-09-23,shipped
277,253,2026-09-25,returned
278,219,2026-09-24,completed
279,117,2026-09-26,placed
280,143,2026-09-26,return_pending
281,42,2026-10-05,returned
282,42,2026-09-27,placed
283,281,2026-09-26,return_pending
284,57,2026-10-03,placed
285,261,2026-10-01,returned
286,258,2026-09-23,returned
287,290,2026-09-29,shipped
288,279,2026-09-25,placed
289,137,2026-10-05,placed
290,247,2026-10-01,return_pending
291,64,2026-10-01,completed
292,48,2026-09-30,placed
293,15,2026-09-23,placed
294,172,2026-10-04,return_pending
295,141,2026-10-06,shipped
296,285,2026-10-02,returned
297,45,2026-10-01,returned
298,47,2026-10-05,shipped
299,14,2026-10-06,shipped
300,150,2026-10-05,placed
301,291,2026-09-23,placed
302,176,2026-10-02,returned
303,62,2026-09-30,placed
304,288,2026-10-05,placed
305,181,2026-10-06,shipped
306,13,2026-10-02,completed
307,22,2026-10-03,returned
308,219,2026-09-23,returned
309,15,2026-09-28,shipped
310,133,2026-10-03,return_pending
311,243,2026-10-03,completed
312,256,2026-09-28,shipped
313,175,2026-09-30,completed
314,118,2026-09-27,completed
315,142,2026-09-25,completed
316,232,2026-09-28,placed
317,96,2026-09-23,return_pending
318,240,2026-10-04,shipped
319,110,2026-09-23,returned
320,188,2026-10-05,return_pending
321,247,2026-09-24,returned
322,129,2026-10-05,return_pending
323,151,2026-09-23,returned
324,277,2026-09-26,returned
325,15,2026-09-28,returned
326,290,2026-09-24,shipped
327,62,2026-09-28,returned
328,97,2026-09-30,placed
329,58,2026-10-06,returned
330,99,2026-10-05,return_pending
331,289,2026-09-26,shipped
332,21,2026-09-23,shipped
333,283,2026-09-29,return_pending
334,271,2026-10-04,placed
335,299,2026-10-01,shipped
336,268,2026-09-25,returned
337,184,2026-10-03,shipped
338,225,2026-10-05,placed
339,202,2026-10-05,shipped
340,195,2026-09-29,returned
341,63,2026-10-01,shipped
342,35,2026-10-06,completed
343,241,2026-09-27,return_pending
344,210,2026-09-29,completed
345,120,2026-09-30,shipped
346,22,2026-09-26,shipped
347,198,2026-10-06,completed
348,5,2026-09-27,completed
349,83,2026-09-25,return_pending
350,23,2026-10-03,shipped
351,299,2026-09-29,shipped
352,262,2026-09-25,completed
353,265,2026-09-25,placed
354,167,2026-09-27,shipped
355,232,2026-10-04,shipped
356,98,2026-09-28,shipped
357,21,2026-09-26,return_pending
358,213,2026-10-04,placed
359,245,2026-09-29,shipped
360,155,2026-10-01,completed
361,19,2026-10-01,returned
362,204,2026-10-05,completed
363,237,2026-10-05,shipped
364,207,2026-09-26,completed
365,145,2026-09-23,returned
366,159,2026-09-28,shipped
367,141,2026-09-23,shipped
368,187,2026-09-27,returned
369,28,2026-09-27,shipped
370,128,2026-09-25,shipped
371,16,2026-10-06,return_pending
372,48,2026-09-28,completed
373,52,2026-09-27,returned
374,92,2026-10-05,return_pending
375,45,2026-09-24,shipped
376,257,2026-09-29,returned
377,59,2026-09-29,return_pending
378,251,2026-10-02,return_pending
379,8,2026-09-23,completed
380,293,2026-10-01,completed
381,267,2026-09-23,return_pending
382,111,2026-09-28,shipped
383,217,2026-10-01,returned
384,99,2026-10-03,placed
385,80,2026-09-26,shipped
386,50,2026-09-26,returned
387,272,2026-10-05,shipped
388,294,2026-09-24,returned
389,195,2026-10-01,returned
390,189,2026-10-03,placed
391,105,2026-10-01,returned
392,35,2026-09-24,returned
393,151,2026-09-29,completed
394,49,2026-10-02,shipped
395,78,2026-09-27,return_pending
396,109,2026-09-29,returned
397,287,2026-09-25,placed
398,223,2026-10-06,return_pending
399,289,2026-09-23,placed
400,41,2026-09-27,completed
401,221,2026-09-29,returned
402,100,2026-10-01,placed
403,156,2026-10-06,placed
404,230,2026-09-26,returned
405,157,2026-10-01,shipped
406,285,2026-10-01,completed
407,15,2026-09-26,returned
408,121,2026-09-23,return_pending
409,61,2026-09-29,returned
410,112,2026-09-24,shipped
411,114,2026-09-24,return_pending
412,69,2026-09-25,shipped
413,7,2026-10-04,shipped
414,84,2026-09-30,completed
415,201,2026-09-26,returned
416,134,2026-09-28,completed
417,3,2026-09-24,placed
418,6,2026-09-28,shipped
419,260,2026-10-06,completed
420,94,2026-10-06,placed
421,135,2026-10-02,return_pending
422,192,2026-10-04,returned
423,84,2026-09-26,returned
424,273,2026-09-25,completed
425,203,2026-09-24,shipped
426,106,2026-10-06,placed
427,155,2026-09-23,returned
428,231,2026-10-02,returned
429,145,2026-09-28,shipped
430,32,2026-09-23,return_pending
431,219,2026-10-02,returned
432,134,2026-09-25,returned
433,152,2026-09-29,return_pending
434,191,2026-09-27,completed
435,227,2026-10-04,return_pending
436,162,2026-09-25,shipped
437,64,2026-09-23,return_pending
438,228,2026-09-28,shipped
439,179,2026-09-24,shipped
440,205,2026-09-29,returned
441,185,2026-09-27,return_pending
442,157,2026-09-26,placed
443,265,2026-09-29,shipped
444,140,2026-10-04,placed
445,80,2026-10-05,placed
446,117,2026-10-05,shipped
447,79,2026-09-28,returned
448,159,2026-09-29,completed
449,18,2026-09-24,return_pending
450,4,2026-09-25,completed
451,194,2026-10-06,shipped
452,145,2026-10-05,returned
453,122,2026-09-29,return_pending
454,141,2026-10-03,completed
455,274,2026-09-27,placed
456,286,2026-09-27,return_pending
457,236,2026-10-01,placed
458,73,2026-10-05,return_pending
459,216,2026-10-01,shipped
460,265,2026-09-27,return_pending
461,225,2026-09-29,placed
462,294,2026-09-30,shipped
463,77,2026-10-05,completed
464,39,2026-09-29,completed
465,285,2026-10-01,shipped
466,139,2026-09-27,return_pending
467,45,2026-09-29,returned
468,54,2026-10-04,returned
469,216,2026-09-25,returned
470,17,2026-09-30,shipped
471,273,2026-10-02,return_pending
472,104,2026-10-05,returned
473,231,2026-10-01,return_pending
474,82,2026-09-24,returned
475,246,2026-09-24,return_pending
476,212,2026-10-01,placed
477,116,2026-10-01,completed
478,80,2026-10-06,return_pending
479,124,2026-10-04,completed
480,84,2026-09-30,return_pending
481,88,2026-09-29,return_pending
482,284,2026-09-24,return_pending
483,7,2026-09-27,return_pending
484,180,2026-09-28,placed
485,207,2026-10-03,returned
486,52,2026-09-27,completed
487,277,2026-09-23,completed
488,268,2026-10-05,completed
489,119,2026-09-30,shipped
490,258,2026-09-25,completed
491,23,2026-09-23,completed
492,125,2026-09-25,return_pending
493,62,2026-09-26,return_pending
494,207,2026-09-27,return_pending
495,172,2026-10-05,returned
496,162,2026-10-03,return_pending
497,140,2026-10-03,return_pending
498,48,2026-09-25,shipped
499,260,2026-09-30,shipped
500,235,2026-10-05,placed
501,38,2026-09-30,placed
502,104,2026-09-23,returned
503,17,2026-10-02,shipped
504,11,2026-09-24,completed
505,158,2026-10-02,returned
506,194,2026-10-03,return_pending
507,176,2026-10-03,placed
508,61,2026-09-27,completed
509,9,2026-10-04,return_pending
510,294,2026-10-05,completed
511,139,2026-09-30,completed
512,140,2026-10-01,completed
513,250,2026-10-05,shipped
514,294,2026-10-06,placed
515,185,2026-10-02,placed
516,233,2026-09-29,shipped
517,224,2026-10-05,return_pending
518,281,2026-09-29,placed
519,83,2026-09-28,placed
520,29,2026-09-23,return_pending
521,170,2026-09-29,placed
522,280,2026-10-04,completed
523,278,2026-10-04,placed
524,32,2026-09-30,returned
525,113,2026-09-28,return_pending
526,100,2026-09-24,completed
527,248,2026-09-23,completed
528,284,2026-09-24,placed
529,110,2026-10-01,completed
530,51,2026-10-05,returned
531,217,2026-09-29,returned
532,232,2026-10-03,returned
533,73,2026-09-26,placed
534,12,2026-10-05,returned
535,190,2026-10-06,placed
536,67,2026-10-04,placed
537,134,2026-09-28,placed
538,113,2026-10-01,placed
539,49,2026-09-23,placed
540,210,2026-09-23,completed
541,291,2026-09-28,completed
542,235,2026-09-25,return_pending
543,218,2026-09-24,shipped
544,81,2026-09-24,returned
545,96,2026-09-29,return_pending
546,166,2026-09-23,completed
547,104,2026-10-01,return_pending
548,286,2026-09-25,returned
549,160,2026-09-30,placed
550,267,2026-09-29,returned
551,188,2026-09-30,shipped
552,257,2026-09-23,placed
553,24,2026-09-29,returned
554,97,2026-09-29,return_pending
555,274,2026-10-01,completed
556,16,2026-10-04,completed
557,62,2026-10-03,returned
558,156,2026-09-27,shipped
559,105,2026-10-03,shipped
560,247,2026-10-01,returned
561,178,2026-09-28,return_pending
562,119,2026-09-25,completed
563,289,2026-09-30,returned
564,168,2026-09-25,placed
565,211,2026-10-03,placed
566,64,2026-10-04,shipped
567,246,2026-10-06,shipped
568,291,2026-09-28,return_pending
569,287,2026-10-04,returned
570,52,2026-09-30,return_pending
571,266,2026-10-06,returned
572,251,2026-09-24,placed
573,107,2026-10-01,shipped
574,6,2026-10-04,placed
575,172,2026-10-03,shipped
576,226,2026-10-04,return_pending
577,119,2026-10-06,returned
578,218,2026-10-02,returned
579,153,2026-09-25,shipped
580,87,2026-09-26,returned
581,268,2026-10-01,returned
582,183,2026-09-26,placed
583,193,2026-10-02,return_pending
584,281,2026-10-03,return_pending
585,288,2026-09-28,completed
586,202,2026-09-26,placed
587,255,2026-09-28,return_pending
588,203,2026-10-06,shipped
589,78,2026-09-23,return_pending
590,199,2026-09-27,returned
591,219,2026-09-24,placed
592,201,2026-09-25,return_pending
593,188,2026-10-06,return_pending
594,124,2026-09-27,completed
595,152,2026-09-26,shipped
596,101,2026-10-01,returned
597,120,2026-10-05,placed
598,113,2026-09-24,returned
599,68,2026-10-03,returned
600,200,2026-10-02,placed
601,108,2026-10-03,shipped
602,107,2026-10-05,placed
603,78,2026-10-02,return_pending
604,200,2026-09-24,return_pending
605,160,2026-10-03,returned
606,60,2026-09-26,placed
607,50,2026-09-24,returned
608,95,2026-10-01,return_pending
609,165,2026-09-29,shipped
610,137,2026-09-24,placed
611,19,2026-09-28,completed
612,179,2026-10-01,completed
613,65,2026-09-30,returned
614,225,2026-10-03,completed
615,223,2026-09-24,completed
616,260,2026-09-28,shipped
617,96,2026-10-04,returned
618,217,2026-10-01,placed
619,171,2026-09-25,completed
620,156,2026-09-27,completed
621,166,2026-10-05,returned
622,171,2026-09-26,returned
623,166,2026-09-24,returned
624,112,2026-09-28,shipped
625,152,2026-10-02,completed
626,198,2026-10-04,placed
627,72,2026-09-30,placed
628,114,2026-09-28,returned
629,246,2026-09-29,shipped
630,28,2026-10-02,placed
631,36,2026-10-05,returned
632,156,2026-09-30,return_pending
633,22,2026-09-25,return_pending
634,206,2026-09-29,shipped
635,122,2026-09-29,completed
636,217,2026-09-27,completed
637,156,2026-10-03,placed
638,299,2026-09-27,shipped
639,153,2026-10-06,placed
640,217,2026-09-26,return_pending
641,219,2026-09-28,returned
642,245,2026-09-23,return_pending
643,147,2026-09-23,completed
644,64,2026-10-06,placed
645,59,2026-10-05,shipped
646,52,2026-09-26,return_pending
647,91,2026-09-28,returned
648,216,2026-10-04,returned
649,72,2026-10-02,returned
650,172,2026-10-06,shipped
651,290,2026-10-05,completed
652,34,2026-10-04,shipped
653,73,2026-10-06,returned
654,289,2026-10-04,return_pending
655,89,2026-10-02,placed
656,182,2026-10-01,completed
657,147,2026-10-03,returned
658,241,2026-09-29,shipped
659,244,2026-09-24,returned
660,294,2026-10-01,shipped
661,219,2026-09-24,returned
662,185,2026-09-25,shipped
663,222,2026-09-29,placed
664,210,2026-09-23,return_pending
665,1,2026-10-02,completed
666,256,2026-10-03,completed
667,172,2026-10-03,shipped
668,134,2026-09-24,returned
669,119,2026-09-28,placed
670,288,2026-09-27,completed
671,204,2026-09-26,returned
672,204,2026-10-05,completed
673,256,2026-10-01,placed
674,125,2026-10-02,shipped
675,129,2026-10-05,return_pending
676,195,2026-09-23,returned
677,2,2026-09-28,completed
678,253,2026-09-23,placed
679,188,2026-09-27,completed
680,194,2026-10-05,shipped
681,157,2026-09-27,placed
682,195,2026-09-29,completed
683,143,2026-10-05,shipped
684,159,2026-09-29,placed
685,85,2026-09-25,return_pending
686,229,2026-09-26,shipped
687,204,2026-09-29,returned
688,297,2026-10-03,shipped
689,93,2026-09-24,placed
690,170,2026-09-26,returned
691,151,2026-09-24,return_pending
692,286,2026-09-28,completed
693,70,2026-10-02,returned
694,300,2026-09-26,completed
695,135,2026-09-25,shipped
696,229,2026-10-04,placed
697,295,2026-09-26,return_pending
698,94,2026-10-02,returned
699,266,2026-10-01,returned
700,55,2026-09-29,placed
701,81,2026-10-04,returned
702,1,2026-10-04,shipped
703,273,2026-09-29,return_pending
704,229,2026-09-30,placed
705,33,2026-09-26,completed
706,194,2026-10-02,completed
707,221,2026-10-01,shipped
708,103,2026-10-02,completed
709,15,2026-10-02,completed
710,299,2026-10-04,returned
711,201,2026-09-27,shipped
712,99,2026-10-06,returned
713,113,2026-10-03,returned
714,148,2026-10-04,completed
715,175,2026-09-30,completed
716,258,2026-10-04,placed
717,74,2026-10-02,placed
718,81,2026-10-06,placed
719,206,2026-09-29,return_pending
720,121,2026-09-29,placed
721,122,2026-10-01,completed
722,229,2026-10-03,completed
723,260,2026-09-23,return_pending
724,56,2026-10-03,placed
725,278,2026-10-06,placed
726,20,2026-10-01,return_pending
727,257,2026-10-04,return_pending
728,34,2026-10-04,returned
729,137,2026-09-24,completed
730,57,2026-09-27,shipped
731,288,2026-09-28,returned
732,184,2026-09-28,placed
733,11,2026-09-26,returned
734,137,2026-09-27,return_pending
735,244,2026-09-29,shipped
736,292,2026-09-26,shipped
737,154,2026-10-03,returned
738,230,2026-10-02,shipped
739,91,2026-10-05,shipped
740,115,2026-10-01,returned
741,142,2026-10-05,shipped
742,299,2026-09-25,return_pending
743,63,2026-09-24,placed
744,228,2026-09-26,completed
745,214,2026-10-05,returned
746,230,2026-10-03,returned
747,147,2026-10-02,returned
748,149,2026-10-04,completed
749,99,2026-09-30,placed
750,211,2026-10-05,returned
751,292,2026-09-27,shipped
752,114,2026-09-25,return_pending
753,271,2026-09-23,placed
754,77,2026-09-24,returned
755,63,2026-10-01,shipped
756,253,2026-10-06,shipped
757,282,2026-09-28,returned
758,3,2026-09-25,completed
759,190,2026-10-06,return_pending
760,41,2026-09-24,completed
761,105,2026-09-28,returned
762,112,2026-09-24,shipped
763,119,2026-10-06,completed
764,247,2026-09-27,return_pending
765,277,2026-09-25,shipped
766,45,2026-09-28,placed
767,146,2026-09-25,return_pending
768,298,2026-09-30,return_pending
769,89,2026-10-05,shipped
770,74,2026-09-28,shipped
771,173,2026-09-27,shipped
772,244,2026-09-24,completed
773,11,2026-10-02,returned
774,24,2026-09-23,completed
775,45,2026-09-28,return_pending
776,152,2026-10-01,shipped
777,216,2026-09-24,completed
778,100,2026-09-23,placed
779,138,2026-09-30,returned
780,252,2026-10-04,return_pending
781,187,2026-10-01,return_pending
782,202,2026-09-27,shipped
783,107,2026-09-29,placed
784,253,2026-09-24,placed
785,23,2026-10-02,completed
786,9,2026-10-02,return_pending
787,63,2026-09-25,completed
788,142,2026-10-01,placed
789,162,2026-09-26,placed
790,113,2026-10-04,return_pending
791,289,2026-09-28,returned
792,111,2026-10-02,returned
793,14,2026-09-27,completed
794,62,2026-09-27,returned
795,57,2026-10-01,completed
796,100,2026-09-25,shipped
797,300,2026-09-23,return_pending
798,68,2026-09-30,completed
799,162,2026-10-05,completed
800,165,2026-09-25,returned
801,118,2026-10-04,return_pending
802,94,2026-09-25,return_pending
803,186,2026-09-30,placed
804,254,2026-09-28,return_pending
805,62,2026-09-23,shipped
806,148,2026-10-04,return_pending
807,202,2026-10-01,returned
808,82,2026-10-02,return_pending
809,241,2026-09-29,shipped
810,67,2026-10-05,completed
811,20,2026-10-06,placed
812,72,2026-09-29,returned
813,214,2026-10-01,completed
814,58,2026-10-06,placed
815,217,2026-09-24,shipped
816,124,2026-09-29,completed
817,179,2026-10-01,returned
818,280,2026-09-27,completed
819,260,2026-09-28,shipped
820,268,2026-09-24,return_pending
821,283,2026-10-05,completed
822,43,2026-09-30,placed
823,255,2026-09-23,placed
824,216,2026-09-28,returned
825,66,2026-09-25,shipped
826,289,2026-10-03,return_pending
827,42,2026-09-27,completed
828,55,2026-09-26,returned
829,144,2026-09-27,returned
830,244,2026-10-04,completed
831,77,2026-09-23,shipped
832,197,2026-10-05,shipped
833,179,2026-10-02,shipped
834,66,2026-09-28,completed
835,215,2026-10-03,completed
836,117,2026-09-30,return_pending
837,118,2026-10-03,placed
838,71,2026-09-26,completed
839,119,2026-09-26,shipped
840,231,2026-09-25,placed
841,171,2026-09-24,returned
842,6,2026-09-30,shipped
843,276,2026-10-06,completed
844,138,2026-10-05,returned
845,30,2026-09-26,completed
846,81,2026-10-05,completed
847,95,2026-10-03,returned
848,265,2026-09-27,completed
849,192,2026-10-05,shipped
850,159,2026-09-29,placed
851,97,2026-10-05,shipped
852,291,2026-09-23,returned
853,247,2026-09-30,shipped
854,135,2026-09-30,shipped
855,148,2026-09-27,shipped
856,145,2026-10-01,shipped
857,26,2026-10-05,return_pending
858,191,2026-09-28,returned
859,61,2026-10-04,return_pending
860,29,2026-10-05,returned
861,278,2026-09-30,returned
862,175,2026-10-04,placed
863,277,2026-10-05,completed
864,34,2026-10-03,completed
865,202,2026-09-23,return_pending
866,208,2026-10-06,placed
867,226,2026-10-04,placed
868,99,2026-10-04,placed
869,36,2026-10-03,shipped
870,166,2026-09-23,completed
871,222,2026-10-04,placed
872,239,2026-09-28,returned
873,123,2026-10-01,shipped
874,257,2026-09-27,placed
875,237,2026-09-23,completed
876,100,2026-09-23,returned
877,270,2026-10-03,return_pending
878,266,2026-09-29,shipped
879,233,2026-09-23,return_pending
880,240,2026-10-06,returned
881,274,2026-10-02,placed
882,37,2026-10-03,completed
883,172,2026-09-23,completed
884,44,2026-09-23,returned
885,177,2026-09-29,placed
886,12,2026-10-03,placed
887,109,2026-09-29,returned
888,16,2026-10-06,returned
889,68,2026-09-24,placed
890,154,2026-09-25,placed
891,225,2026-09-24,returned
892,32,2026-09-25,placed
893,43,2026-09-27,return_pending
894,209,2026-09-27,placed
895,60,2026-09-29,completed
896,288,2026-09-23,returned
897,141,2026-10-04,placed
898,230,2026-09-25,shipped
899,13,2026-09-29,placed
900,66,2026-10-05,completed
901,49,2026-10-05,completed
902,10,2026-09-26,returned
903,277,2026-09-30,return_pending
904,231,2026-09-24,completed
905,245,2026-10-02,returned
906,208,2026-09-28,placed
907,10,2026-10-03,returned
908,6,2026-09-26,shipped
909,9,2026-09-26,completed
910,176,2026-09-25,shipped
911,34,2026-09-29,placed
912,23,2026-09-24,return_pending
913,191,2026-10-05,completed
914,13,2026-09-28,completed
915,85,2026-10-02,shipped
916,156,2026-09-27,completed
917,248,2026-10-04,return_pending
918,25,2026-09-30,return_pending
919,100,2026-09-29,completed
920,145,2026-10-04,completed
921,57,2026-09-24,completed
922,111,2026-09-29,return_pending
923,244,2026-09-26,shipped
924,30,2026-09-28,placed
925,170,2026-10-06,shipped
926,169,2026-09-24,returned
927,75,2026-09-28,returned
928,289,2026-09-23,returned
929,177,2026-10-05,returned
930,180,2026-09-23,completed
931,27,2026-09-30,returned
932,289,2026-09-27,completed
933,242,2026-09-25,placed
934,32,2026-09-24,placed
935,284,2026-10-06,returned
936,232,2026-10-03,return_pending
937,135,2026-09-25,completed
938,100,2026-09-25,returned
939,228,2026-10-06,return_pending
940,124,2026-09-24,placed
941,278,2026-09-27,shipped
942,237,2026-10-04,placed
943,89,2026-09-26,shipped
944,67,2026-09-25,placed
945,103,2026-10-02,placed
946,16,2026-09-27,return_pending
947,227,2026-09-30,shipped
948,221,2026-09-29,placed
949,4,2026-10-02,return_pending
950,231,2026-09-27,shipped
951,110,2026-09-29,placed
952,271,2026-10-01,returned
953,15,2026-10-02,placed
954,41,2026-09-26,placed
955,119,2026-10-04,shipped
956,198,2026-09-23,completed
957,203,2026-10-04,return_pending
958,59,2026-09-26,completed
959,116,2026-09-26,completed
960,9,2026-09-28,shipped
961,73,2026-09-30,return_pending
962,13,2026-10-03,completed
963,43,2026-09-24,completed
964,227,2026-09-27,completed
965,83,2026-09-25,returned
966,214,2026-10-01,return_pending
967,118,2026-10-02,shipped
968,125,2026-10-01,returned
969,124,2026-10-01,placed
970,207,2026-09-27,returned
971,84,2026-09-28,placed
972,101,2026-09-25,shipped
973,31,2026-10-06,shipped
974,82,2026-10-05,placed
975,220,2026-09-28,placed
976,136,2026-10-03,returned
977,237,2026-09-23,placed
978,218,2026-10-01,shipped
979,117,2026-10-01,completed
980,257,2026-09-23,shipped
981,156,2026-10-01,completed
982,85,2026-09-29,return_pending
983,270,2026-09-24,shipped
984,25,2026-10-03,shipped
985,18,2026-09-29,shipped
986,225,2026-10-02,completed
987,56,2026-10-02,placed
988,200,2026-10-05,completed
989,108,2026-10-03,returned
990,194,2026-09-24,returned
991,87,2026-10-03,placed
992,19,2026-09-25,completed
993,82,2026-10-06,return_pending
994,248,2026-10-01,shipped
995,176,2026-09-26,shipped
996,62,2026-09-24,completed
997,116,2026-09-24,shipped
998,173,2026-09-26,returned
999,51,2026-09-29,completed
1000,42,2026-09-28,return_pending
1001,90,2026-10-04,returned
1002,134,2026-09-28,shipped
1003,38,2026-09-27,completed
1004,68,2026-09-23,completed
1005,151,2026-09-23,return_pending
1006,273,2026-09-26,return_pending
1007,110,2026-10-01,placed
1008,281,2026-09-28,returned
1009,152,2026-10-04,shipped
1010,32,2026-10-03,placed
1011,59,2026-09-25,return_pending
1012,269,2026-09-27,placed
1013,288,2026-09-24,returned
1014,168,2026-09-23,shipped
1015,171,2026-09-29,completed
1016,244,2026-09-23,placed
1017,61,2026-10-03,returned
1018,200,2026-09-25,shipped
1019,149,2026-09-29,placed
1020,249,2026-10-03,returned
1021,103,2026-09-25,completed
1022,203,2026-09-27,return_pending
1023,238,2026-09-23,returned
1024,24,2026-09-23,placed
1025,248,2026-09-26,completed
1026,60,2026-09-24,return_pending
1027,176,2026-09-25,return_pending
1028,86,2026-10-04,completed
1029,127,2026-09-25,placed
1030,39,2026-10-03,return_pending
1031,85,2026-09-27,placed
1032,125,2026-09-23,placed
1033,227,2026-09-27,placed
1034,258,2026-10-03,shipped
1035,169,2026-09-29,return_pending
1036,63,2026-09-27,shipped
1037,214,2026-09-30,return_pending
1038,295,2026-10-02,shipped
1039,299,2026-10-03,return_pending
1040,275,2026-09-28,completed
1041,204,2026-10-04,completed
1042,226,2026-10-03,completed
1043,82,2026-10-06,return_pending
1044,97,2026-09-25,return_pending
1045,99,2026-10-02,shipped
1046,199,2026-09-23,placed
1047,213,2026-10-02,return_pending
1048,279,2026-09-28,shipped
1049,271,2026-10-01,returned
1050,43,2026-10-06,placed
1051,78,2026-10-02,returned
1052,48,2026-09-26,completed
1053,276,2026-10-03,placed
1054,72,2026-09-29,returned
1055,105,2026-09-26,shipped
1056,4,2026-09-26,completed
1057,90,2026-09-28,placed
1058,94,2026-09-29,completed
1059,206,2026-10-04,placed
1060,261,2026-10-06,completed
1061,128,2026-10-01,return_pending
1062,49,2026-09-24,shipped
1063,127,2026-10-05,return_pending
1064,9,2026-09-25,placed
1065,23,2026-09-25,completed
1066,264,2026-09-24,shipped
1067,4,2026-09-29,completed
1068,21,2026-09-23,shipped
1069,176,2026-09-23,shipped
1070,228,2026-10-04,returned
1071,254,2026-10-03,return_pending
1072,103,2026-10-02,placed
1073,132,2026-09-24,completed
1074,32,2026-10-06,placed
1075,183,2026-09-25,shipped
1076,158,2026-09-24,return_pending
1077,284,2026-10-05,return_pending
1078,82,2026-10-05,completed
1079,169,2026-09-27,returned
1080,106,2026-09-30,shipped
1081,187,2026-09-29,placed
1082,91,2026-09-24,placed
1083,284,2026-09-26,completed
1084,225,2026-10-03,completed
1085,269,2026-10-03,completed
1086,179,2026-09-25,return_pending
1087,62,2026-09-30,shipped
1088,48,2026-10-04,returned
1089,41,2026-10-02,shipped
1090,73,2026-10-02,return_pending
1091,80,2026-09-23,placed
1092,231,2026-10-04,completed
1093,92,2026-09-25,return_pending
1094,284,2026-10-03,return_pending
1095,179,2026-09-30,return_pending
1096,192,2026-10-04,returned
1097,13,2026-09-27,shipped
1098,139,2026-10-06,completed
1099,239,2026-10-02,returned
1100,32,2026-10-04,placed
1101,96,2026-10-06,returned
1102,199,2026-10-04,completed
1103,163,2026-09-29,shipped
1104,261,2026-09-26,shipped
1105,92,2026-09-26,returned
1106,157,2026-10-03,placed
1107,243,2026-10-02,shipped
1108,192,2026-09-25,returned
1109,8,2026-09-28,completed
1110,94,2026-09-30,return_pending
1111,174,2026-10-02,placed
1112,145,2026-09-28,return_pending
1113,18,2026-09-29,completed
1114,200,2026-10-02,return_pending
1115,260,2026-10-04,completed
1116,289,2026-10-03,completed
1117,244,2026-09-25,shipped
1118,225,2026-09-23,return_pending
1119,121,2026-10-03,return_pending
1120,192,2026-09-24,completed
1121,101,2026-09-24,placed
1122,236,2026-09-27,completed
1123,223,2026-09-29,shipped
1124,76,2026-10-06,shipped
1125,29,2026-09-23,returned
1126,197,2026-10-02,returned
1127,145,2026-09-28,completed
1128,89,2026-09-27,shipped
1129,266,2026-09-27,placed
1130,189,2026-10-02,placed
1131,187,2026-10-02,completed
1132,166,2026-09-30,completed
1133,177,2026-09-29,placed
1134,153,2026-10-03,completed
1135,169,2026-09-30,placed
1136,75,2026-09-29,placed
1137,83,2026-10-03,shipped
1138,42,2026-09-23,completed
1139,205,2026-09-30,shipped
1140,226,2026-10-06,placed
1141,173,2026-09-23,return_pending
1142,137,2026-09-23,returned
1143,33,2026-09-30,returned
1144,89,2026-09-29,shipped
1145,288,2026-09-26,returned
1146,42,2026-09-30,shipped
1147,66,2026-09-29,completed
1148,282,2026-10-02,return_pending
1149,63,2026-10-01,completed
1150,5,2026-10-03,return_pending
1151,183,2026-09-27,returned
1152,158,2026-09-30,shipped
1153,97,2026-09-24,completed
1154,24,2026-09-29,placed
1155,205,2026-09-28,placed
1156,160,2026-09-23,shipped
1157,164,2026-09-29,completed
1158,177,2026-09-23,placed
1159,277,2026-09-30,return_pending
1160,290,2026-09-26,placed
1161,118,2026-09-27,shipped
1162,84,2026-09-24,returned
1163,239,2026-09-25,completed
1164,154,2026-10-01,completed
1165,141,2026-09-27,placed
1166,6,2026-10-02,completed
1167,218,2026-09-27,placed
1168,14,2026-09-28,returned
1169,110,2026-10-03,returned
1170,32,2026-09-23,returned
1171,91,2026-10-04,shipped
1172,133,2026-09-26,return_pending
1173,130,2026-10-02,placed
1174,112,2026-10-02,returned
1175,243,2026-10-04,placed
1176,77,2026-09-29,returned
1177,150,2026-10-03,returned
1178,209,2026-09-28,completed
1179,131,2026-09-29,placed
1180,53,2026-09-24,returned
1181,101,2026-09-25,return_pending
1182,17,2026-10-01,returned
1183,59,2026-09-26,returned
1184,276,2026-10-01,completed
1185,137,2026-10-04,shipped
1186,298,2026-09-26,return_pending
1187,99,2026-09-28,placed
1188,139,2026-09-26,return_pending
1189,84,2026-10-04,completed
1190,70,2026-10-06,placed
1191,70,2026-09-26,return_pending
1192,34,2026-09-24,placed
1193,72,2026-09-26,completed
1194,138,2026-10-02,completed
1195,161,2026-09-23,return_pending
1196,126,2026-10-05,completed
1197,163,2026-10-03,placed
1198,25,2026-09-25,placed
1199,280,2026-10-03,completed
1200,110,2026-09-28,returned
1201,242,2026-10-03,placed
1202,268,2026-09-30,return_pending
1203,135,2026-10-05,completed
1204,256,2026-09-26,completed
1205,20,2026-09-29,completed
1206,219,2026-10-04,completed
1207,194,2026-09-25,placed
1208,33,2026-09-25,shipped
1209,164,2026-10-03,returned
1210,207,2026-09-23,shipped
1211,294,2026-09-24,return_pending
1212,220,2026-10-06,returned
1213,190,2026-10-06,returned
1214,151,2026-10-05,shipped
1215,159,2026-09-29,return_pending
1216,8,2026-10-04,shipped
1217,73,2026-09-25,shipped
1218,140,2026-09-23,shipped
1219,68,2026-09-30,returned
1220,213,2026-10-03,shipped
1221,87,2026-10-06,placed
1222,115,2026-09-23,placed
1223,240,2026-09-23,returned
1224,60,2026-09-26,placed
1225,9,2026-09-29,return_pending
1226,202,2026-09-27,shipped
1227,149,2026-09-28,shipped
1228,149,2026-10-03,shipped
1229,115,2026-09-27,shipped
1230,185,2026-09-27,return_pending
1231,230,2026-09-24,completed
1232,90,2026-09-27,returned
1233,235,2026-10-03,returned
1234,224,2026-10-04,shipped
1235,239,2026-09-27,return_pending
1236,126,2026-10-04,completed
1237,206,2026-09-24,return_pending
1238,207,2026-09-26,returned
1239,234,2026-10-03,returned
1240,270,2026-09-25,completed
1241,150,2026-10-05,completed
1242,270,2026-09-30,return_pending
1243,49,2026-10-02,return_pending
1244,189,2026-09-25,shipped
1245,223,2026-10-03,shipped
1246,220,2026-09-29,placed
1247,270,2026-10-01,returned
1248,169,2026-09-30,completed
1249,75,2026-10-02,shipped
1250,189,2026-09-27,return_pending
1251,144,2026-10-01,returned
1252,197,2026-10-04,shipped
1253,291,2026-09-28,returned
1254,254,2026-09-23,shipped
1255,23,2026-10-03,return_pending
1256,290,2026-10-01,placed
1257,79,2026-10-06,return_pending
1258,254,2026-09-28,shipped
1259,229,2026-09-26,return_pending
1260,233,2026-10-03,completed
1261,53,2026-09-28,return_pending
1262,207,2026-10-04,returned
1263,16,2026-09-27,shipped
1264,25,2026-10-02,placed
1265,63,2026-10-01,completed
1266,42,2026-10-05,returned
1267,233,2026-09-24,placed
1268,168,2026-09-24,shipped
1269,8,2026-10-06,return_pending
1270,84,2026-10-05,return_pending
1271,242,2026-10-04,completed
1272,272,2026-10-05,returned
1273,83,2026-10-01,shipped
1274,165,2026-09-23,return_pending
1275,62,2026-10-02,placed
1276,239,2026-09-27,placed
1277,220,2026-09-27,completed
1278,187,2026-10-01,shipped
1279,52,2026-10-05,shipped
1280,21,2026-10-01,returned
1281,207,2026-09-25,completed
1282,111,2026-10-05,placed
1283,170,2026-10-03,return_pending
1284,20,2026-10-06,placed
1285,175,2026-10-05,completed
1286,218,2026-09-23,placed
1287,262,2026-10-04,returned
1288,146,2026-10-01,return_pending
1289,36,2026-09-25,placed
1290,157,2026-09-23,return_pending
1291,173,2026-10-01,completed
1292,190,2026-10-02,placed
1293,155,2026-10-03,returned
1294,8,2026-10-02,completed
1295,25,2026-09-28,shipped
1296,220,2026-09-24,completed
1297,31,2026-09-24,completed
1298,222,2026-09-23,placed
1299,62,2026-09-24,placed
1300,182,2026-10-03,placed
1301,167,2026-09-27,return_pending
1302,186,2026-10-03,shipped
1303,183,2026-09-25,placed
1304,290,2026-09-25,completed
1305,216,2026-10-02,returned
1306,233,2026-09-26,placed
1307,231,2026-09-23,completed
1308,12,2026-09-27,shipped
1309,78,2026-10-06,return_pending
1310,205,2026-10-05,returned
1311,275,2026-10-04,placed
1312,231,2026-09-29,shipped
1313,201,2026-09-26,returned
1314,67,2026-09-23,placed
1315,226,2026-09-29,shipped
1316,90,2026-09-26,return_pending
1317,278,2026-09-28,return_pending
1318,27,2026-09-30,shipped
1319,206,2026-09-26,completed
1320,84,2026-10-01,placed
1321,6,2026-09-29,returned
1322,268,2026-10-06,placed
1323,12,2026-10-05,placed
1324,180,2026-09-30,completed
1325,279,2026-09-27,returned
1326,138,2026-10-04,returned
1327,122,2026-09-27,shipped
1328,250,2026-09-24,return_pending
1329,252,2026-09-23,shipped
1330,68,2026-09-27,shipped
1331,22,2026-09-25,shipped
1332,128,2026-10-06,returned
1333,233,2026-09-27,shipped
1334,102,2026-09-27,placed
1335,57,2026-10-05,return_pending
1336,113,2026-10-06,returned
1337,15,2026-09-23,placed
1338,61,2026-09-29,shipped
1339,43,2026-09-30,return_pending
1340,244,2026-09-23,returned
1341,227,2026-09-29,return_pending
1342,49,2026-09-30,return_pending
1343,244,2026-09-26,shipped
1344,103,2026-10-03,completed
1345,108,2026-10-03,returned
1346,253,2026-09-23,placed
1347,76,2026-10-05,placed
1348,262,2026-10-05,returned
1349,155,2026-10-06,shipped
1350,144,2026-09-25,return_pending
1351,120,2026-09-24,completed
1352,237,2026-09-25,returned
1353,92,2026-10-05,completed
1354,19,2026-10-03,returned
1355,222,2026-10-01,completed
1356,184,2026-10-03,returned
1357,181,2026-10-06,placed
1358,138,2026-09-23,return_pending
1359,73,2026-09-26,returned
1360,225,2026-09-24,return_pending
1361,25,2026-10-06,completed
1362,208,2026-09-24,returned
1363,174,2026-10-06,returned
1364,164,2026-09-27,returned
1365,294,2026-10-05,return_pending
1366,154,2026-09-25,completed
1367,229,2026-10-01,placed
1368,114,2026-10-03,return_pending
1369,2,2026-10-03,shipped
1370,244,2026-09-25,return_pending
1371,210,2026-09-30,shipped
1372,78,2026-10-04,returned
1373,207,2026-10-05,return_pending
1374,180,2026-09-23,shipped
1375,155,2026-09-29,completed
1376,236,2026-10-06,placed
1377,31,2026-10-05,completed
1378,203,2026-09-28,completed
1379,135,2026-09-23,completed
1380,77,2026-10-05,shipped
1381,17,2026-09-29,shipped
1382,175,2026-09-23,placed
1383,245,2026-09-29,completed
1384,145,2026-09-23,completed
1385,85,2026-09-24,completed
1386,45,2026-09-27,shipped
1387,49,2026-10-02,placed
1388,111,2026-10-05,completed
1389,55,2026-09-29,placed
1390,49,2026-10-03,completed
1391,201,2026-09-25,returned
1392,179,2026-09-27,returned
1393,52,2026-09-23,shipped
1394,208,2026-10-01,shipped
1395,12,2026-09-29,placed
1396,57,2026-10-06,completed
1397,135,2026-09-26,return_pending
1398,103,2026-09-29,shipped
1399,100,2026-09-29,returned
1400,17,2026-10-06,completed
1401,279,2026-10-05,return_pending
1402,32,2026-09-27,return_pending
1403,162,2026-10-04,returned
1404,214,2026-10-05,placed
1405,281,2026-10-02,shipped
1406,110,2026-10-03,return_pending
1407,154,2026-10-05,return_pending
1408,64,2026-09-26,returned
1409,176,2026-09-30,returned
1410,69,2026-09-24,placed
1411,56,2026-10-05,returned
1412,129,2026-09-24,shipped
1413,202,2026-09-27,return_pending
1414,200,2026-09-27,shipped
1415,249,2026-09-23,completed
1416,116,2026-10-06,shipped
1417,215,2026-09-24,return_pending
1418,113,2026-09-24,return_pending
1419,277,2026-10-06,returned
1420,74,2026-09-23,returned
1421,202,2026-09-25,completed
1422,47,2026-10-05,placed
1423,77,2026-09-26,returned
1424,1,2026-10-06,returned
1425,109,2026-10-01,shipped
1426,154,2026-09-23,return_pending
1427,254,2026-10-06,shipped
1428,92,2026-10-03,completed
1429,196,2026-09-30,returned
1430,296,2026-09-27,returned
1431,192,2026-09-30,return_pending
1432,120,2026-09-23,placed
1433,181,2026-10-02,returned
1434,278,2026-09-28,completed
1435,71,2026-09-23,returned
1436,150,2026-10-03,return_pending
1437,282,2026-10-01,return_pending
1438,200,2026-09-27,placed
1439,121,2026-09-27,placed
1440,223,2026-09-25,completed
1441,38,2026-09-26,completed
1442,81,2026-09-25,placed
1443,83,2026-10-06,shipped
1444,64,2026-09-26,placed
1445,222,2026-10-05,shipped
1446,184,2026-10-06,shipped
1447,176,2026-09-25,shipped
1448,117,2026-09-29,returned
1449,219,2026-10-04,completed
1450,224,2026-09-23,completed
1451,85,2026-09-28,placed
1452,103,2026-09-27,return_pending
1453,238,2026-09-24,returned
1454,135,2026-09-24,shipped
1455,290,2026-10-03,completed
1456,48,2026-10-02,completed
1457,8,2026-09-27,returned
1458,46,2026-09-26,returned
1459,250,2026-09-26,return_pending
1460,215,2026-10-03,returned
1461,183,2026-09-25,completed
1462,30,2026-10-01,completed
1463,61,2026-10-05,returned
1464,68,2026-10-05,return_pending
1465,92,2026-10-04,completed
1466,188,2026-09-23,shipped
1467,159,2026-09-25,shipped
1468,73,2026-09-29,shipped
1469,41,2026-09-23,return_pending
1470,284,2026-10-04,placed
1471,158,2026-09-28,return_pending
1472,206,2026-10-04,shipped
1473,133,2026-09-29,placed
1474,12,2026-09-23,completed
1475,2,2026-09-30,return_pending
1476,298,2026-09-25,returned
1477,33,2026-09-30,placed
1478,160,2026-10-03,returned
1479,225,2026-09-25,return_pending
1480,140,2026-10-05,return_pending
1481,36,2026-10-04,return_pending
1482,16,2026-09-27,shipped
1483,234,2026-09-25,shipped
1484,69,2026-09-27,completed
1485,49,2026-09-23,returned
1486,1,2026-09-29,placed
1487,73,2026-10-05,placed
1488,85,2026-10-06,placed
1489,176,2026-09-29,return_pending
1490,182,2026-09-29,placed
1491,241,2026-10-01,placed
1492,107,2026-10-06,completed
1493,258,2026-10-02,returned
1494,232,2026-09-23,returned
1495,127,2026-10-03,return_pending
1496,90,2026-10-06,shipped
1497,151,2026-10-01,shipped
1498,281,2026-09-27,shipped
1499,252,2026-09-25,shipped
1500,255,2026-09-28,completed
