id,order_id,payment_method,amount
1,1,gift_card,500
2,2,credit_card,600
3,2,gift_card,200
4,2,coupon,100
5,3,coupon,600
6,3,gift_card,200
7,4,coupon,700
8,4,coupon,200
9,5,coupon,200
10,5,credit_card,400
11,6,gift_card,300
12,6,credit_card,200
13,6,gift_card,500
14,7,coupon,300
15,7,bank_transfer,200
16,8,gift_card,200
17,9,gift_card,800
18,9,bank_transfer,100
19,10,coupon,300
20,10,credit_card,600
21,11,credit_card,300
22,11,credit_card,200
23,12,credit_card,500
24,13,credit_card,300
25,13,bank_transfer,600
26,13,coupon,100
27,14,gift_card,100
28,14,coupon,600
29,14,coupon,300
30,15,credit_card,400
31,15,gift_card,300
32,15,gift_card,300
33,16,credit_card,600
34,16,coupon,300
35,16,credit_card,100
36,17,gift_card,100
37,17,bank_transfer,700
38,18,credit_card,700
39,18,credit_card,200
40,18,coupon,100
41,19,gift_card,300
42,19,credit_card,300
43,20,credit_card,300
44,20,bank_transfer,500
45,20,coupon,100
46,21,credit_card,100
47,21,coupon,600
48,22,coupon,700
49,23,gift_card,600
50,23,bank_transfer,100
51,24,coupon,600
52,25,gift_card,200
53,25,coupon,400
54,25,bank_transfer,100
55,26,coupon,600
56,26,bank_transfer,300
57,26,bank_transfer,100
58,27,coupon,300
59,28,coupon,600
60,28,credit_card,100
61,28,credit_card,100
62,29,bank_transfer,400
63,30,bank_transfer,700
64,31,gift_card,700
65,31,credit_card,200
66,32,bank_transfer,400
67,32,coupon,100
68,32,coupon,400
69,33,gift_card,400
70,33,coupon,100
71,33,gift_card,300
72,34,bank_transfer,600
73,34,credit_card,300
74,34,credit_card,100
75,35,credit_card,300
76,36,gift_card,500
77,36,credit_card,400
78,36,coupon,100
79,37,coupon,300
80,38,bank_transfer,500
81,38,credit_card,200
82,38,credit_card,200
83,39,credit_card,800
84,39,gift_card,100
85,40,coupon,500
86,40,coupon,200
87,40,bank_transfer,300
88,41,coupon,800
89,41,gift_card,100
90,41,gift_card,100
91,42,bank_transfer,800
92,42,bank_transfer,100
93,42,bank_transfer,100
94,43,bank_transfer,400
95,43,bank_transfer,400
96,44,gift_card,300
97,44,gift_card,300
98,44,gift_card,300
99,45,coupon,200
100,46,gift_card,100
101,47,gift_card,600
102,47,coupon,200
103,48,bank_transfer,300
104,49,coupon,300
105,50,bank_transfer,500
106,51,credit_card,100
107,51,bank_transfer,300
108,51,bank_transfer,300
109,52,credit_card,500
110,52,coupon,100
111,53,coupon,800
112,54,bank_transfer,200
113,54,credit_card,700
114,54,gift_card,100
115,55,credit_card,100
116,56,bank_transfer,500
117,57,credit_card,100
118,57,bank_transfer,700
119,58,credit_card,100
120,58,coupon,100
121,58,gift_card,300
122,59,bank_transfer,100
123,59,bank_transfer,600
124,59,gift_card,100
125,60,coupon,400
126,60,credit_card,500
127,60,credit_card,100
128,61,gift_card,600
129,61,coupon,100
130,61,gift_card,200
131,62,credit_card,800
132,62,gift_card,100
133,63,gift_card,300
134,63,credit_card,100
135,64,bank_transfer,800
136,64,coupon,100
137,64,coupon,100
138,65,credit_card,400
139,66,bank_transfer,300
140,66,coupon,100
141,66,credit_card,600
142,67,coupon,600
143,67,gift_card,300
144,67,bank_transfer,100
145,68,credit_card,600
146,68,credit_card,300
147,68,bank_transfer,100
148,69,credit_card,500
149,70,bank_transfer,500
150,70,gift_card,400
151,71,coupon,500
152,72,gift_card,400
153,72,gift_card,400
154,73,coupon,500
155,74,credit_card,500
156,75,credit_card,100
157,76,credit_card,600
158,76,bank_transfer,200
159,77,gift_card,800
160,77,credit_card,100
161,78,credit_card,300
162,78,credit_card,300
163,79,bank_transfer,200
164,79,gift_card,300
165,79,gift_card,100
166,80,gift_card,400
167,80,gift_card,500
168,80,coupon,100
169,81,bank_transfer,300
170,81,gift_card,200
171,81,credit_card,500
172,82,bank_transfer,700
173,82,bank_transfer,200
174,83,gift_card,700
175,83,credit_card,100
176,83,bank_transfer,100
177,84,coupon,500
178,84,credit_card,100
179,84,credit_card,400
180,85,gift_card,700
181,85,coupon,200
182,85,credit_card,100
183,86,credit_card,500
184,87,bank_transfer,100
185,87,gift_card,400
186,88,coupon,600
187,89,bank_transfer,100
188,89,gift_card,700
189,89,coupon,200
190,90,credit_card,700
191,91,bank_transfer,300
192,91,credit_card,500
193,92,coupon,700
194,92,bank_transfer,100
195,93,gift_card,800
196,93,gift_card,100
197,94,bank_transfer,700
198,94,coupon,200
199,94,bank_transfer,100
200,95,gift_card,200
201,96,bank_transfer,200
202,97,coupon,200
203,97,coupon,400
204,97,credit_card,400
205,98,credit_card,800
206,98,credit_card,100
207,98,coupon,100
208,99,bank_transfer,500
209,99,bank_transfer,200
210,99,credit_card,100
211,100,bank_transfer,300
212,100,credit_card,600
213,101,gift_card,700
214,102,coupon,100
215,103,gift_card,700
216,103,gift_card,100
217,103,gift_card,200
218,104,bank_transfer,300
219,105,coupon,400
220,106,credit_card,200
221,107,credit_card,400
222,107,credit_card,300
223,108,bank_transfer,800
224,108,bank_transfer,100
225,108,gift_card,100
226,109,gift_card,100
227,110,coupon,400
228,110,credit_card,100
229,110,gift_card,100
230,111,gift_card,200
231,112,bank_transfer,200
232,112,gift_card,400
233,113,coupon,500
234,113,credit_card,200
235,114,bank_transfer,500
236,114,gift_card,200
237,114,coupon,200
238,115,credit_card,500
239,116,gift_card,700
240,117,credit_card,100
241,117,coupon,600
242,117,gift_card,100
243,118,gift_card,700
244,118,gift_card,100
245,118,credit_card,100
246,119,bank_transfer,700
247,119,gift_card,100
248,120,coupon,600
249,121,gift_card,200
250,121,bank_transfer,400
251,121,bank_transfer,200
252,122,coupon,300
253,122,coupon,200
254,123,gift_card,200
255,123,coupon,200
256,124,bank_transfer,500
257,124,credit_card,400
258,125,coupon,200
259,125,gift_card,200
260,126,coupon,400
261,127,credit_card,200
262,127,credit_card,500
263,127,gift_card,300
264,128,gift_card,800
265,128,credit_card,100
266,129,coupon,200
267,130,gift_card,500
268,130,coupon,300
269,130,coupon,100
270,131,credit_card,100
271,131,bank_transfer,800
272,131,coupon,100
273,132,bank_transfer,400
274,133,bank_transfer,500
275,134,gift_card,700
276,134,bank_transfer,200
277,135,coupon,300
278,135,credit_card,100
279,136,gift_card,300
280,136,credit_card,200
281,136,bank_transfer,400
282,137,coupon,800
283,138,coupon,400
284,139,credit_card,700
285,139,coupon,100
286,139,gift_card,200
287,140,bank_transfer,100
288,140,gift_card,600
289,141,gift_card,800
290,142,coupon,600
291,142,gift_card,200
292,143,bank_transfer,600
293,144,credit_card,500
294,144,gift_card,300
295,145,credit_card,800
296,146,credit_card,400
297,146,bank_transfer,300
298,146,gift_card,200
299,147,bank_transfer,500
300,147,credit_card,400
301,147,bank_transfer,100
302,148,coupon,800
303,148,bank_transfer,100
304,149,gift_card,600
305,150,credit_card,100
306,151,gift_card,700
307,151,gift_card,200
308,152,bank_transfer,600
309,152,bank_transfer,200
310,153,coupon,500
311,153,bank_transfer,400
312,153,credit_card,100
313,154,gift_card,100
314,155,credit_card,400
315,155,coupon,100
316,155,bank_transfer,200
317,156,bank_transfer,700
318,156,credit_card,100
319,157,bank_transfer,100
320,157,gift_card,400
321,158,bank_transfer,500
322,158,gift_card,100
323,158,gift_card,400
324,159,bank_transfer,600
325,159,coupon,300
326,159,bank_transfer,100
327,160,bank_transfer,300
328,161,gift_card,600
329,161,gift_card,300
330,161,credit_card,100
331,162,credit_card,700
332,163,gift_card,600
333,163,coupon,100
334,164,bank_transfer,700
335,165,credit_card,500
336,165,coupon,100
337,165,gift_card,300
338,166,gift_card,300
339,167,bank_transfer,200
340,168,coupon,600
341,168,coupon,300
342,168,credit_card,100
343,169,credit_card,100
344,169,coupon,800
345,170,gift_card,800
346,171,coupon,100
347,171,gift_card,700
348,171,coupon,200
349,172,gift_card,200
350,172,credit_card,600
351,173,gift_card,700
352,173,bank_transfer,200
353,173,bank_transfer,100
354,174,gift_card,700
355,175,coupon,200
356,175,credit_card,600
357,175,gift_card,200
358,176,bank_transfer,600
359,176,gift_card,200
360,177,gift_card,100
361,178,credit_card,300
362,179,gift_card,300
363,179,credit_card,600
364,179,credit_card,100
365,180,credit_card,800
366,180,credit_card,100
367,181,gift_card,300
368,182,coupon,200
369,183,gift_card,600
370,183,gift_card,300
371,184,coupon,400
372,184,credit_card,100
373,185,credit_card,700
374,185,credit_card,200
375,186,bank_transfer,600
376,187,gift_card,800
377,188,gift_card,600
378,188,gift_card,200
379,189,gift_card,500
380,190,gift_card,500
381,191,bank_transfer,800
382,191,credit_card,100
383,192,gift_card,100
384,192,credit_card,700
385,192,coupon,100
386,193,bank_transfer,400
387,193,gift_card,200
388,194,gift_card,600
389,194,credit_card,100
390,194,gift_card,100
391,195,gift_card,600
392,195,coupon,300
393,196,coupon,100
394,196,bank_transfer,100
395,197,bank_transfer,200
396,198,bank_transfer,700
397,198,gift_card,100
398,199,gift_card,300
399,199,gift_card,100
400,199,credit_card,300
401,200,coupon,400
402,201,bank_transfer,700
403,201,credit_card,200
404,202,coupon,200
405,202,credit_card,100
406,203,coupon,800
407,203,coupon,100
408,204,gift_card,200
409,204,credit_card,700
410,204,gift_card,100
411,205,credit_card,200
412,205,credit_card,300
413,206,bank_transfer,400
414,207,credit_card,200
415,208,credit_card,400
416,208,credit_card,400
417,208,bank_transfer,200
418,209,gift_card,100
419,209,coupon,100
420,210,bank_transfer,500
421,211,bank_transfer,200
422,211,coupon,600
423,212,coupon,700
424,212,bank_transfer,200
425,213,coupon,400
426,214,credit_card,100
427,214,credit_card,100
428,215,bank_transfer,800
429,215,coupon,100
430,215,coupon,100
431,216,bank_transfer,300
432,217,gift_card,800
433,218,credit_card,400
434,219,gift_card,800
435,219,gift_card,100
436,219,coupon,100
437,220,coupon,300
438,221,credit_card,600
439,221,gift_card,200
440,222,bank_transfer,500
441,222,credit_card,400
442,222,coupon,100
443,223,coupon,300
444,223,credit_card,600
445,224,gift_card,300
446,225,gift_card,200
447,225,coupon,700
448,226,gift_card,600
449,226,coupon,300
450,227,coupon,400
451,227,credit_card,100
452,228,credit_card,500
453,228,coupon,100
454,229,credit_card,400
455,229,gift_card,100
456,229,coupon,100
457,230,gift_card,300
458,230,credit_card,400
459,231,credit_card,300
460,232,bank_transfer,800
461,233,gift_card,500
462,233,gift_card,100
463,233,credit_card,200
464,234,coupon,800
465,234,coupon,100
466,234,credit_card,100
467,235,credit_card,500
468,235,gift_card,400
469,236,gift_card,600
470,237,coupon,400
471,237,credit_card,300
472,237,bank_transfer,100
473,238,coupon,200
474,238,bank_transfer,700
475,239,coupon,800
476,239,coupon,100
477,240,bank_transfer,100
478,240,gift_card,800
479,241,gift_card,100
480,241,coupon,300
481,242,bank_transfer,700
482,243,bank_transfer,300
483,244,gift_card,500
484,244,coupon,400
485,244,gift_card,100
486,245,gift_card,200
487,246,coupon,300
488,247,bank_transfer,600
489,248,credit_card,700
490,249,coupon,100
491,249,bank_transfer,300
492,250,bank_transfer,300
493,251,bank_transfer,300
494,251,bank_transfer,200
495,251,gift_card,500
496,252,coupon,200
497,252,credit_card,600
498,252,bank_transfer,100
499,253,bank_transfer,200
500,253,credit_card,300
501,254,coupon,200
502,254,credit_card,500
503,255,coupon,200
504,255,bank_transfer,400
505,256,gift_card,400
506,256,coupon,400
507,257,gift_card,200
508,257,coupon,500
509,257,credit_card,100
510,258,coupon,800
511,259,credit_card,400
512,260,coupon,700
513,260,bank_transfer,200
514,260,coupon,100
515,261,coupon,800
516,262,gift_card,100
517,262,coupon,100
518,262,bank_transfer,500
519,263,credit_card,600
520,263,coupon,300
521,264,credit_card,500
522,265,bank_transfer,200
523,265,coupon,600
524,266,coupon,400
525,267,credit_card,700
526,268,coupon,600
527,269,coupon,700
528,270,bank_transfer,400
529,270,credit_card,500
530,271,gift_card,300
531,272,coupon,100
532,273,bank_transfer,600
533,274,gift_card,600
534,274,credit_card,300
535,275,coupon,500
536,275,bank_transfer,100
537,275,bank_transfer,200
538,276,coupon,300
539,276,gift_card,100
540,276,coupon,600
541,277,bank_transfer,600
542,277,coupon,100
543,278,gift_card,300
544,278,coupon,400
545,278,coupon,300
546,279,credit_card,700
547,279,bank_transfer,200
548,280,bank_transfer,600
549,280,gift_card,100
550,280,bank_transfer,100
551,281,bank_transfer,400
552,281,coupon,400
553,281,gift_card,200
554,282,credit_card,800
555,282,gift_card,100
556,283,credit_card,600
557,283,coupon,100
558,284,bank_transfer,200
559,284,credit_card,600
560,285,coupon,700
561,285,bank_transfer,100
562,285,credit_card,200
563,286,coupon,600
564,287,coupon,400
565,288,coupon,100
566,288,credit_card,400
567,289,gift_card,200
568,289,credit_card,200
569,290,bank_transfer,300
570,290,gift_card,200
571,290,coupon,100
572,291,coupon,300
573,291,coupon,400
574,291,credit_card,200
575,292,coupon,800
576,292,credit_card,100
577,293,bank_transfer,400
578,293,gift_card,200
579,293,gift_card,200
580,294,credit_card,400
581,294,coupon,100
582,294,credit_card,300
583,295,gift_card,300
584,295,bank_transfer,300
585,296,bank_transfer,700
586,296,gift_card,100
587,297,gift_card,300
588,298,credit_card,700
589,299,credit_card,500
590,299,coupon,100
591,299,credit_card,300
592,300,credit_card,400
593,300,bank_transfer,100
594,301,gift_card,800
595,301,bank_transfer,100
596,302,credit_card,100
597,303,gift_card,800
598,303,credit_card,100
599,303,gift_card,100
600,304,coupon,100
601,304,bank_transfer,100
602,304,credit_card,500
603,305,gift_card,200
604,306,coupon,200
605,307,gift_card,400
606,307,credit_card,400
607,308,bank_transfer,800
608,308,bank_transfer,100
609,308,credit_card,100
610,309,gift_card,400
611,309,coupon,400
612,310,credit_card,800
613,310,credit_card,100
614,310,coupon,100
615,311,bank_transfer,200
616,311,coupon,400
617,312,credit_card,100
618,312,coupon,300
619,313,gift_card,500
620,313,coupon,100
621,314,credit_card,500
622,315,coupon,600
623,316,credit_card,800
624,316,bank_transfer,100
625,316,credit_card,100
626,317,bank_transfer,600
627,317,gift_card,100
628,318,bank_transfer,200
629,319,credit_card,600
630,319,gift_card,200
631,320,coupon,400
632,321,bank_transfer,100
633,321,credit_card,700
634,322,gift_card,400
635,322,coupon,300
636,322,coupon,200
637,323,coupon,500
638,323,bank_transfer,400
639,324,gift_card,700
640,324,credit_card,100
641,324,gift_card,200
642,325,credit_card,400
643,326,bank_transfer,600
644,326,coupon,300
645,327,gift_card,600
646,328,gift_card,100
647,328,gift_card,500
648,328,credit_card,300
649,329,bank_transfer,700
650,330,gift_card,400
651,331,credit_card,700
652,331,coupon,200
653,331,gift_card,100
654,332,gift_card,800
655,333,gift_card,100
656,333,coupon,400
657,333,credit_card,200
658,334,coupon,300
659,335,credit_card,300
660,335,gift_card,200
661,336,bank_transfer,300
662,337,credit_card,800
663,337,credit_card,100
664,337,bank_transfer,100
665,338,bank_transfer,600
666,338,bank_transfer,200
667,338,gift_card,200
668,339,credit_card,400
669,339,credit_card,200
670,340,gift_card,100
671,340,gift_card,100
672,341,coupon,100
673,341,coupon,400
674,341,bank_transfer,100
675,342,coupon,400
676,342,coupon,100
677,343,credit_card,400
678,343,gift_card,400
679,344,gift_card,400
680,344,coupon,400
681,345,gift_card,600
682,345,credit_card,100
683,345,gift_card,100
684,346,gift_card,800
685,346,bank_transfer,100
686,346,bank_transfer,100
687,347,coupon,700
688,347,credit_card,200
689,347,bank_transfer,100
690,348,coupon,500
691,348,credit_card,400
692,348,credit_card,100
693,349,coupon,500
694,349,credit_card,100
695,350,coupon,400
696,350,coupon,400
697,350,coupon,200
698,351,credit_card,400
699,351,bank_transfer,300
700,351,gift_card,300
701,352,coupon,600
702,352,coupon,100
703,352,coupon,200
704,353,gift_card,100
705,354,coupon,400
706,354,bank_transfer,100
707,354,coupon,500
708,355,bank_transfer,500
709,355,credit_card,100
710,355,bank_transfer,200
711,356,bank_transfer,300
712,356,gift_card,600
713,356,credit_card,100
714,357,gift_card,300
715,357,bank_transfer,600
716,357,bank_transfer,100
717,358,coupon,700
718,359,coupon,300
719,360,bank_transfer,700
720,360,coupon,200
721,361,gift_card,600
722,361,gift_card,100
723,361,coupon,100
724,362,gift_card,700
725,362,coupon,200
726,362,coupon,100
727,363,bank_transfer,100
728,363,gift_card,600
729,364,credit_card,800
730,364,credit_card,100
731,365,bank_transfer,600
732,365,gift_card,300
733,365,credit_card,100
734,366,credit_card,700
735,366,coupon,100
736,366,credit_card,100
737,367,bank_transfer,200
738,367,coupon,400
739,367,coupon,300
740,368,credit_card,600
741,368,gift_card,300
742,368,credit_card,100
743,369,bank_transfer,200
744,370,gift_card,800
745,370,bank_transfer,100
746,371,coupon,300
747,371,bank_transfer,200
748,371,bank_transfer,100
749,372,credit_card,400
750,372,credit_card,500
751,373,bank_transfer,300
752,374,gift_card,700
753,374,coupon,100
754,374,coupon,100
755,375,bank_transfer,700
756,375,credit_card,200
757,375,coupon,100
758,376,credit_card,800
759,376,credit_card,100
760,376,coupon,100
761,377,bank_transfer,300
762,377,gift_card,300
763,378,credit_card,600
764,379,bank_transfer,100
765,379,credit_card,300
766,379,credit_card,500
767,380,bank_transfer,800
768,380,gift_card,100
769,380,gift_card,100
770,381,gift_card,200
771,381,coupon,600
772,382,bank_transfer,600
773,383,bank_transfer,300
774,384,bank_transfer,600
775,385,coupon,100
776,385,credit_card,700
777,386,gift_card,500
778,386,credit_card,200
779,386,gift_card,200
780,387,bank_transfer,500
781,387,credit_card,300
782,388,gift_card,500
783,389,gift_card,500
784,389,gift_card,200
785,390,bank_transfer,800
786,390,coupon,100
787,391,coupon,700
788,391,bank_transfer,100
789,391,coupon,100
790,392,gift_card,100
791,393,gift_card,100
792,393,bank_transfer,400
793,394,credit_card,400
794,394,gift_card,200
795,394,gift_card,300
796,395,credit_card,700
797,395,credit_card,200
798,395,credit_card,100
799,396,coupon,500
800,396,gift_card,300
801,396,coupon,100
802,397,bank_transfer,300
803,397,coupon,100
804,397,coupon,400
805,398,credit_card,800
806,398,coupon,100
807,399,credit_card,600
808,399,gift_card,300
809,399,gift_card,100
810,400,gift_card,400
811,400,coupon,500
812,401,credit_card,400
813,401,coupon,400
814,402,gift_card,200
815,403,bank_transfer,400
816,404,bank_transfer,300
817,404,gift_card,300
818,405,bank_transfer,200
819,406,bank_transfer,700
820,407,gift_card,800
821,408,coupon,100
822,408,bank_transfer,500
823,409,coupon,700
824,409,gift_card,200
825,409,credit_card,100
826,410,credit_card,700
827,410,gift_card,100
828,410,coupon,200
829,411,bank_transfer,700
830,412,bank_transfer,100
831,412,gift_card,600
832,413,credit_card,100
833,413,gift_card,100
834,413,credit_card,300
835,414,credit_card,200
836,415,gift_card,200
837,415,credit_card,100
838,415,credit_card,100
839,416,coupon,100
840,416,coupon,600
841,417,gift_card,600
842,417,bank_transfer,200
843,417,credit_card,200
844,418,credit_card,600
845,419,credit_card,300
846,419,credit_card,100
847,419,credit_card,100
848,420,coupon,600
849,420,credit_card,300
850,421,gift_card,200
851,421,credit_card,500
852,422,coupon,600
853,422,bank_transfer,100
854,423,coupon,300
855,424,coupon,200
856,424,credit_card,600
857,425,credit_card,400
858,425,credit_card,200
859,425,credit_card,400
860,426,coupon,500
861,426,gift_card,400
862,427,gift_card,100
863,428,bank_transfer,400
864,428,gift_card,100
865,428,coupon,400
866,429,gift_card,600
867,429,bank_transfer,100
868,430,coupon,400
869,430,bank_transfer,500
870,431,gift_card,600
871,432,bank_transfer,600
872,432,credit_card,300
873,432,coupon,100
874,433,bank_transfer,700
875,434,coupon,200
876,435,bank_transfer,700
877,436,credit_card,400
878,436,coupon,400
879,437,credit_card,400
880,438,credit_card,100
881,438,gift_card,500
882,438,gift_card,200
883,439,bank_transfer,100
884,439,bank_transfer,600
885,440,coupon,100
886,440,coupon,500
887,440,coupon,100
888,441,gift_card,400
889,442,coupon,400
890,443,gift_card,200
891,443,coupon,500
892,444,coupon,700
893,444,bank_transfer,100
894,445,coupon,700
895,445,coupon,200
896,446,bank_transfer,300
897,446,coupon,600
898,446,coupon,100
899,447,coupon,600
900,447,gift_card,200
901,448,coupon,600
902,448,coupon,200
903,449,credit_card,100
904,450,gift_card,100
905,451,bank_transfer,300
906,451,coupon,100
907,452,credit_card,200
908,452,gift_card,700
909,452,gift_card,100
910,453,credit_card,200
911,454,coupon,300
912,454,bank_transfer,600
913,455,credit_card,800
914,455,gift_card,100
915,456,credit_card,600
916,456,gift_card,200
917,456,coupon,200
918,457,credit_card,800
919,457,gift_card,100
920,457,credit_card,100
921,458,credit_card,400
922,458,coupon,300
923,458,coupon,100
924,459,bank_transfer,800
925,459,credit_card,100
926,460,credit_card,700
927,460,gift_card,200
928,460,gift_card,100
929,461,bank_transfer,100
930,461,coupon,400
931,462,credit_card,600
932,462,gift_card,300
933,463,gift_card,200
934,463,gift_card,700
935,463,bank_transfer,100
936,464,gift_card,400
937,465,gift_card,300
938,466,credit_card,800
939,466,credit_card,100
940,467,coupon,300
941,468,coupon,800
942,468,bank_transfer,100
943,468,coupon,100
944,469,credit_card,100
945,470,bank_transfer,200
946,470,coupon,200
947,471,bank_transfer,500
948,472,bank_transfer,600
949,472,bank_transfer,300
950,472,credit_card,100
951,473,bank_transfer,800
952,473,bank_transfer,100
953,474,gift_card,800
954,474,credit_card,100
955,474,credit_card,100
956,475,credit_card,600
957,475,coupon,100
958,476,bank_transfer,600
959,476,gift_card,300
960,476,credit_card,100
961,477,gift_card,400
962,477,bank_transfer,100
963,477,coupon,100
964,478,coupon,700
965,478,gift_card,200
966,478,coupon,100
967,479,gift_card,400
968,480,coupon,200
969,480,coupon,600
970,480,credit_card,200
971,481,coupon,500
972,481,credit_card,400
973,481,coupon,100
974,482,credit_card,600
975,483,bank_transfer,400
976,483,bank_transfer,200
977,483,gift_card,300
978,484,gift_card,100
979,484,credit_card,200
980,485,gift_card,300
981,485,coupon,100
982,485,coupon,100
983,486,bank_transfer,700
984,486,gift_card,100
985,487,coupon,400
986,487,gift_card,500
987,488,coupon,200
988,488,coupon,200
989,489,credit_card,800
990,490,coupon,500
991,490,credit_card,300
992,490,credit_card,200
993,491,coupon,700
994,491,credit_card,100
995,492,gift_card,700
996,492,coupon,100
997,492,bank_transfer,200
998,493,credit_card,600
999,493,gift_card,200
1000,494,coupon,200
1001,495,credit_card,400
1002,495,coupon,400
1003,495,coupon,100
1004,496,coupon,800
1005,496,credit_card,100
1006,497,credit_card,200
1007,498,gift_card,600
1008,498,credit_card,100
1009,498,credit_card,200
1010,499,coupon,400
1011,499,gift_card,200
1012,499,coupon,100
1013,500,coupon,800
1014,500,coupon,100
1015,500,coupon,100
1016,501,gift_card,100
1017,502,gift_card,100
1018,502,bank_transfer,700
1019,502,bank_transfer,200
1020,503,bank_transfer,800
1021,503,credit_card,100
1022,504,credit_card,800
1023,504,credit_card,100
1024,505,bank_transfer,400
1025,506,coupon,400
1026,506,bank_transfer,200
1027,507,bank_transfer,500
1028,507,credit_card,100
1029,508,bank_transfer,100
1030,508,credit_card,200
1031,508,gift_card,200
1032,509,gift_card,800
1033,510,gift_card,700
1034,510,gift_card,100
1035,510,gift_card,200
1036,511,bank_transfer,300
1037,511,credit_card,100
1038,512,credit_card,300
1039,512,coupon,200
1040,513,coupon,200
1041,513,credit_card,600
1042,513,bank_transfer,100
1043,514,coupon,100
1044,515,bank_transfer,700
1045,515,gift_card,200
1046,516,gift_card,500
1047,517,coupon,200
1048,517,gift_card,700
1049,518,gift_card,100
1050,518,coupon,500
1051,518,credit_card,300
1052,519,bank_transfer,800
1053,519,bank_transfer,100
1054,519,gift_card,100
1055,520,credit_card,200
1056,520,coupon,400
1057,520,gift_card,200
1058,521,gift_card,700
1059,521,coupon,200
1060,522,bank_transfer,200
1061,523,coupon,300
1062,524,credit_card,600
1063,524,bank_transfer,100
1064,524,gift_card,200
1065,525,credit_card,300
1066,525,coupon,400
1067,525,gift_card,100
1068,526,gift_card,600
1069,527,credit_card,600
1070,528,gift_card,500
1071,528,coupon,400
1072,529,bank_transfer,200
1073,529,bank_transfer,500
1074,530,bank_transfer,800
1075,530,credit_card,100
1076,530,bank_transfer,100
1077,531,bank_transfer,300
1078,531,bank_transfer,500
1079,531,bank_transfer,200
1080,532,bank_transfer,800
1081,533,bank_transfer,300
1082,533,coupon,500
1083,534,coupon,500
1084,534,coupon,200
1085,534,bank_transfer,300
1086,535,gift_card,500
1087,535,coupon,200
1088,535,credit_card,300
1089,536,coupon,200
1090,536,coupon,600
1091,537,coupon,100
1092,537,coupon,600
1093,537,gift_card,300
1094,538,credit_card,500
1095,539,coupon,100
1096,540,gift_card,700
1097,541,coupon,600
1098,541,coupon,200
1099,541,gift_card,100
1100,542,coupon,600
1101,542,coupon,200
1102,542,credit_card,200
1103,543,gift_card,500
1104,543,coupon,300
1105,544,coupon,300
1106,545,gift_card,400
1107,545,coupon,200
1108,546,coupon,200
1109,546,coupon,200
1110,547,credit_card,800
1111,547,credit_card,100
1112,548,gift_card,300
1113,549,bank_transfer,100
1114,549,credit_card,300
1115,549,gift_card,100
1116,550,coupon,600
1117,550,coupon,100
1118,551,credit_card,800
1119,551,credit_card,100
1120,551,bank_transfer,100
1121,552,coupon,500
1122,552,bank_transfer,400
1123,552,credit_card,100
1124,553,gift_card,400
1125,553,credit_card,100
1126,554,gift_card,600
1127,554,gift_card,300
1128,554,credit_card,100
1129,555,bank_transfer,600
1130,556,credit_card,400
1131,556,gift_card,400
1132,556,bank_transfer,200
1133,557,bank_transfer,200
1134,557,coupon,700
1135,558,coupon,700
1136,559,bank_transfer,500
1137,559,credit_card,400
1138,559,coupon,100
1139,560,coupon,600
1140,560,credit_card,300
1141,561,credit_card,500
1142,561,gift_card,200
1143,562,coupon,100
1144,562,bank_transfer,300
1145,562,bank_transfer,100
1146,563,gift_card,400
1147,564,gift_card,100
1148,564,gift_card,100
1149,564,coupon,400
1150,565,credit_card,500
1151,565,coupon,400
1152,566,credit_card,600
1153,566,credit_card,200
1154,566,gift_card,200
1155,567,credit_card,200
1156,567,credit_card,400
1157,568,coupon,100
1158,568,coupon,800
1159,569,gift_card,800
1160,570,gift_card,800
1161,570,credit_card,100
1162,571,credit_card,700
1163,572,gift_card,700
1164,573,gift_card,800
1165,573,bank_transfer,100
1166,574,credit_card,800
1167,575,bank_transfer,300
1168,575,credit_card,300
1169,575,bank_transfer,300
1170,576,credit_card,500
1171,576,bank_transfer,100
1172,577,bank_transfer,800
1173,578,gift_card,200
1174,578,coupon,400
1175,579,gift_card,800
1176,579,bank_transfer,100
1177,580,bank_transfer,300
1178,580,coupon,500
1179,580,credit_card,100
1180,581,coupon,500
1181,581,gift_card,200
1182,582,credit_card,700
1183,582,credit_card,100
1184,583,credit_card,100
1185,583,coupon,700
1186,584,coupon,100
1187,584,coupon,800
1188,584,credit_card,100
1189,585,bank_transfer,100
1190,585,credit_card,300
1191,586,bank_transfer,200
1192,587,bank_transfer,500
1193,587,bank_transfer,100
1194,588,coupon,300
1195,589,credit_card,800
1196,589,bank_transfer,100
1197,589,gift_card,100
1198,590,bank_transfer,500
1199,591,coupon,500
1200,591,gift_card,100
1201,591,bank_transfer,100
1202,592,bank_transfer,400
1203,593,bank_transfer,800
1204,593,coupon,100
1205,593,credit_card,100
1206,594,bank_transfer,200
1207,594,bank_transfer,300
1208,594,coupon,500
1209,595,credit_card,800
1210,595,credit_card,100
1211,596,bank_transfer,400
1212,597,coupon,500
1213,598,gift_card,400
1214,598,gift_card,400
1215,598,gift_card,100
1216,599,gift_card,400
1217,599,gift_card,100
1218,599,bank_transfer,200
1219,600,credit_card,500
1220,600,gift_card,200
1221,601,bank_transfer,700
1222,601,gift_card,200
1223,602,coupon,700
1224,603,bank_transfer,800
1225,603,bank_transfer,100
1226,603,gift_card,100
1227,604,gift_card,200
1228,605,bank_transfer,100
1229,605,gift_card,600
1230,606,bank_transfer,300
1231,607,credit_card,200
1232,607,bank_transfer,200
1233,607,coupon,200
1234,608,bank_transfer,100
1235,609,bank_transfer,800
1236,610,gift_card,700
1237,611,coupon,300
1238,612,coupon,800
1239,612,coupon,100
1240,613,credit_card,600
1241,613,bank_transfer,200
1242,613,credit_card,100
1243,614,bank_transfer,500
1244,614,credit_card,100
1245,615,credit_card,700
1246,616,coupon,600
1247,616,coupon,300
1248,617,gift_card,800
1249,617,bank_transfer,100
1250,618,gift_card,300
1251,618,gift_card,300
1252,619,coupon,100
1253,619,gift_card,500
1254,619,gift_card,200
1255,620,bank_transfer,100
1256,620,credit_card,200
1257,620,coupon,300
1258,621,gift_card,700
1259,621,bank_transfer,200
1260,621,bank_transfer,100
1261,622,credit_card,400
1262,623,coupon,700
1263,623,credit_card,100
1264,624,bank_transfer,100
1265,624,gift_card,600
1266,625,coupon,200
1267,626,gift_card,100
1268,626,gift_card,800
1269,626,gift_card,100
1270,627,bank_transfer,600
1271,627,bank_transfer,200
1272,627,coupon,200
1273,628,coupon,800
1274,628,coupon,100
1275,628,bank_transfer,100
1276,629,coupon,500
1277,629,bank_transfer,300
1278,630,coupon,600
1279,631,bank_transfer,300
1280,631,credit_card,500
1281,632,credit_card,500
1282,633,gift_card,300
1283,633,coupon,200
1284,634,coupon,200
1285,635,bank_transfer,800
1286,635,credit_card,100
1287,636,bank_transfer,200
1288,636,credit_card,400
1289,636,credit_card,400
1290,637,bank_transfer,200
1291,637,gift_card,300
1292,637,gift_card,200
1293,638,gift_card,200
1294,638,gift_card,600
1295,638,gift_card,200
1296,639,bank_transfer,700
1297,639,coupon,100
1298,639,bank_transfer,200
1299,640,bank_transfer,100
1300,640,coupon,500
1301,640,bank_transfer,400
1302,641,credit_card,500
1303,641,bank_transfer,200
1304,642,coupon,500
1305,642,bank_transfer,200
1306,642,credit_card,100
1307,643,coupon,600
1308,643,credit_card,300
1309,644,bank_transfer,200
1310,644,credit_card,400
1311,645,credit_card,300
1312,645,credit_card,300
1313,646,credit_card,500
1314,646,gift_card,300
1315,646,bank_transfer,100
1316,647,gift_card,400
1317,648,credit_card,700
1318,648,bank_transfer,200
1319,648,gift_card,100
1320,649,coupon,500
1321,650,bank_transfer,800
1322,650,credit_card,100
1323,651,coupon,400
1324,652,credit_card,100
1325,652,coupon,500
1326,652,bank_transfer,100
1327,653,coupon,100
1328,654,coupon,600
1329,655,credit_card,600
1330,655,credit_card,100
1331,655,gift_card,300
1332,656,credit_card,100
1333,656,credit_card,400
1334,656,bank_transfer,300
1335,657,gift_card,400
1336,657,coupon,100
1337,658,credit_card,700
1338,658,bank_transfer,200
1339,659,coupon,300
1340,659,gift_card,100
1341,660,credit_card,400
1342,660,credit_card,400
1343,661,bank_transfer,800
1344,661,credit_card,100
1345,661,coupon,100
1346,662,bank_transfer,400
1347,662,coupon,200
1348,663,credit_card,500
1349,664,credit_card,800
1350,664,coupon,100
1351,664,credit_card,100
1352,665,gift_card,600
1353,665,credit_card,200
1354,666,bank_transfer,400
1355,666,coupon,200
1356,667,credit_card,600
1357,667,coupon,200
1358,668,credit_card,400
1359,669,coupon,700
1360,669,bank_transfer,200
1361,669,credit_card,100
1362,670,gift_card,100
1363,671,bank_transfer,500
1364,671,coupon,100
1365,671,coupon,400
1366,672,bank_transfer,100
1367,672,gift_card,200
1368,673,bank_transfer,500
1369,673,gift_card,200
1370,674,bank_transfer,800
1371,674,bank_transfer,100
1372,674,gift_card,100
1373,675,gift_card,500
1374,675,credit_card,200
1375,675,bank_transfer,200
1376,676,credit_card,400
1377,676,coupon,200
1378,677,credit_card,500
1379,677,credit_card,100
1380,677,credit_card,200
1381,678,gift_card,800
1382,678,coupon,100
1383,678,coupon,100
1384,679,gift_card,400
1385,680,coupon,700
1386,680,coupon,200
1387,681,bank_transfer,700
1388,681,coupon,200
1389,682,coupon,200
1390,683,coupon,500
1391,683,coupon,100
1392,684,coupon,600
1393,685,bank_transfer,600
1394,685,coupon,200
1395,686,bank_transfer,500
1396,687,bank_transfer,400
1397,687,bank_transfer,100
1398,688,credit_card,100
1399,688,credit_card,700
1400,688,bank_transfer,200
1401,689,gift_card,600
1402,690,coupon,700
1403,690,credit_card,100
1404,690,bank_transfer,100
1405,691,coupon,300
1406,692,credit_card,300
1407,693,bank_transfer,700
1408,693,coupon,100
1409,694,credit_card,600
1410,694,credit_card,200
1411,695,coupon,100
1412,696,gift_card,100
1413,696,gift_card,800
1414,697,credit_card,700
1415,698,coupon,600
1416,698,gift_card,300
1417,699,bank_transfer,700
1418,699,gift_card,100
1419,699,coupon,100
1420,700,coupon,600
1421,701,credit_card,300
1422,701,credit_card,300
1423,701,coupon,400
1424,702,gift_card,100
1425,702,credit_card,400
1426,702,coupon,400
1427,703,coupon,100
1428,704,bank_transfer,800
1429,704,gift_card,100
1430,705,gift_card,200
1431,706,coupon,800
1432,707,bank_transfer,300
1433,707,credit_card,100
1434,708,credit_card,200
1435,709,coupon,400
1436,709,credit_card,300
1437,710,bank_transfer,700
1438,710,bank_transfer,200
1439,711,coupon,100
1440,712,credit_card,500
1441,712,coupon,100
1442,713,credit_card,300
1443,713,credit_card,400
1444,714,coupon,700
1445,715,bank_transfer,400
1446,716,bank_transfer,200
1447,716,gift_card,400
1448,716,credit_card,200
1449,717,bank_transfer,400
1450,718,credit_card,700
1451,718,coupon,100
1452,718,gift_card,200
1453,719,bank_transfer,100
1454,720,coupon,800
1455,720,gift_card,100
1456,721,credit_card,500
1457,721,bank_transfer,300
1458,721,coupon,200
1459,722,credit_card,200
1460,723,bank_transfer,100
1461,723,bank_transfer,600
1462,724,gift_card,800
1463,725,coupon,300
1464,725,gift_card,200
1465,725,gift_card,300
1466,726,coupon,600
1467,726,credit_card,200
1468,727,credit_card,700
1469,727,gift_card,200
1470,728,coupon,500
1471,728,credit_card,400
1472,729,coupon,600
1473,729,coupon,200
1474,730,bank_transfer,300
1475,731,bank_transfer,100
1476,732,bank_transfer,600
1477,733,coupon,800
1478,733,coupon,100
1479,733,bank_transfer,100
1480,734,coupon,400
1481,735,bank_transfer,100
1482,735,coupon,100
1483,736,bank_transfer,800
1484,736,bank_transfer,100
1485,736,coupon,100
1486,737,credit_card,100
1487,737,credit_card,600
1488,737,bank_transfer,200
1489,738,coupon,500
1490,738,credit_card,100
1491,739,gift_card,100
1492,740,coupon,100
1493,740,credit_card,400
1494,741,credit_card,200
1495,742,coupon,800
1496,743,gift_card,300
1497,743,coupon,600
1498,744,bank_transfer,700
1499,744,coupon,100
1500,745,gift_card,800
1501,745,coupon,100
1502,746,bank_transfer,700
1503,746,coupon,200
1504,747,credit_card,200
1505,747,bank_transfer,200
1506,748,coupon,300
1507,748,bank_transfer,100
1508,749,gift_card,300
1509,749,coupon,300
1510,750,coupon,800
1511,750,bank_transfer,100
1512,751,credit_card,400
1513,751,bank_transfer,500
1514,751,bank_transfer,100
1515,752,gift_card,400
1516,752,coupon,500
1517,752,coupon,100
1518,753,gift_card,600
1519,754,bank_transfer,700
1520,755,gift_card,600
1521,756,credit_card,100
1522,757,gift_card,600
1523,757,gift_card,300
1524,757,credit_card,100
1525,758,bank_transfer,500
1526,758,credit_card,400
1527,759,bank_transfer,500
1528,760,credit_card,300
1529,761,gift_card,800
1530,762,bank_transfer,400
1531,762,bank_transfer,400
1532,763,coupon,400
1533,763,gift_card,500
1534,763,gift_card,100
1535,764,coupon,400
1536,764,coupon,400
1537,765,credit_card,400
1538,766,gift_card,500
1539,767,gift_card,300
1540,767,gift_card,200
1541,767,bank_transfer,400
1542,768,bank_transfer,700
1543,769,gift_card,200
1544,769,credit_card,100
1545,770,bank_transfer,200
1546,771,credit_card,100
1547,771,coupon,400
1548,771,credit_card,300
1549,772,credit_card,500
1550,772,gift_card,300
1551,773,bank_transfer,100
1552,773,gift_card,700
1553,774,bank_transfer,300
1554,775,bank_transfer,200
1555,775,coupon,100
1556,776,gift_card,200
1557,776,credit_card,200
1558,776,coupon,500
1559,777,bank_transfer,200
1560,777,gift_card,200
1561,777,credit_card,200
1562,778,bank_transfer,400
1563,778,coupon,200
1564,778,coupon,400
1565,779,gift_card,500
1566,780,credit_card,100
1567,781,coupon,500
1568,782,gift_card,200
1569,782,gift_card,500
1570,783,coupon,100
1571,783,gift_card,800
1572,784,gift_card,500
1573,785,coupon,700
1574,785,bank_transfer,100
1575,786,credit_card,400
1576,786,credit_card,500
1577,786,coupon,100
1578,787,bank_transfer,800
1579,787,credit_card,100
1580,787,credit_card,100
1581,788,bank_transfer,700
1582,788,credit_card,100
1583,789,bank_transfer,500
1584,790,bank_transfer,500
1585,790,coupon,200
1586,790,gift_card,100
1587,791,bank_transfer,200
1588,791,bank_transfer,200
1589,792,credit_card,200
1590,792,credit_card,400
1591,793,gift_card,400
1592,794,coupon,200
1593,794,bank_transfer,200
1594,794,gift_card,600
1595,795,credit_card,200
1596,796,credit_card,400
1597,796,coupon,200
1598,797,bank_transfer,500
1599,797,coupon,400
1600,797,coupon,100
1601,798,credit_card,400
1602,798,credit_card,300
1603,798,bank_transfer,200
1604,799,gift_card,400
1605,800,gift_card,300
1606,800,credit_card,400
1607,801,coupon,600
1608,801,gift_card,300
1609,802,coupon,700
1610,802,gift_card,200
1611,802,credit_card,100
1612,803,coupon,400
1613,803,credit_card,100
1614,804,coupon,400
1615,804,bank_transfer,100
1616,805,credit_card,600
1617,805,credit_card,200
1618,805,credit_card,200
1619,806,coupon,400
1620,806,bank_transfer,300
1621,807,bank_transfer,700
1622,807,bank_transfer,100
1623,807,credit_card,200
1624,808,gift_card,300
1625,809,coupon,800
1626,809,credit_card,100
1627,809,bank_transfer,100
1628,810,gift_card,600
1629,811,bank_transfer,600
1630,811,gift_card,200
1631,812,gift_card,700
1632,812,bank_transfer,200
1633,813,gift_card,200
1634,814,gift_card,600
1635,814,gift_card,300
1636,815,gift_card,700
1637,815,credit_card,100
1638,815,bank_transfer,200
1639,816,gift_card,700
1640,817,credit_card,800
1641,817,bank_transfer,100
1642,818,gift_card,600
1643,818,gift_card,100
1644,818,credit_card,100
1645,819,credit_card,400
1646,819,gift_card,500
1647,820,bank_transfer,500
1648,820,gift_card,100
1649,820,bank_transfer,300
1650,821,bank_transfer,700
1651,822,bank_transfer,300
1652,822,coupon,200
1653,822,gift_card,100
1654,823,credit_card,500
1655,823,credit_card,400
1656,823,gift_card,100
1657,824,credit_card,600
1658,825,credit_card,200
1659,826,bank_transfer,600
1660,826,credit_card,200
1661,827,gift_card,400
1662,827,bank_transfer,100
1663,827,bank_transfer,400
1664,828,bank_transfer,300
1665,828,credit_card,300
1666,829,gift_card,500
1667,830,bank_transfer,800
1668,830,gift_card,100
1669,831,gift_card,800
1670,832,gift_card,600
1671,833,credit_card,700
1672,833,bank_transfer,100
1673,834,coupon,300
1674,834,credit_card,500
1675,834,gift_card,200
1676,835,gift_card,100
1677,835,gift_card,200
1678,836,credit_card,600
1679,836,gift_card,100
1680,836,credit_card,300
1681,837,gift_card,300
1682,838,credit_card,400
1683,839,bank_transfer,700
1684,840,gift_card,600
1685,840,coupon,300
1686,841,gift_card,700
1687,841,credit_card,200
1688,842,gift_card,300
1689,842,coupon,300
1690,842,bank_transfer,400
1691,843,gift_card,700
1692,844,coupon,400
1693,845,coupon,800
1694,845,gift_card,100
1695,845,gift_card,100
1696,846,credit_card,300
1697,846,bank_transfer,600
1698,847,credit_card,200
1699,847,coupon,300
1700,847,bank_transfer,300
1701,848,gift_card,600
1702,848,credit_card,300
1703,849,coupon,100
1704,849,coupon,200
1705,850,bank_transfer,600
1706,850,bank_transfer,200
1707,851,credit_card,400
1708,852,bank_transfer,600
1709,852,coupon,300
1710,852,gift_card,100
1711,853,coupon,600
1712,854,bank_transfer,800
1713,854,coupon,100
1714,854,coupon,100
1715,855,coupon,300
1716,856,coupon,800
1717,856,coupon,100
1718,857,credit_card,500
1719,857,credit_card,200
1720,857,credit_card,300
1721,858,gift_card,100
1722,859,gift_card,300
1723,860,bank_transfer,500
1724,860,credit_card,300
1725,860,coupon,100
1726,861,gift_card,200
1727,861,credit_card,700
1728,862,bank_transfer,800
1729,863,bank_transfer,400
1730,863,bank_transfer,100
1731,864,coupon,200
1732,865,coupon,300
1733,865,coupon,400
1734,865,credit_card,300
1735,866,gift_card,600
1736,867,coupon,600
1737,867,coupon,100
1738,867,bank_transfer,100
1739,868,credit_card,300
1740,869,credit_card,600
1741,869,gift_card,200
1742,870,gift_card,700
1743,870,gift_card,200
1744,871,gift_card,200
1745,871,gift_card,500
1746,871,gift_card,300
1747,872,credit_card,300
1748,872,coupon,200
1749,872,coupon,200
1750,873,gift_card,800
1751,873,credit_card,100
1752,874,coupon,600
1753,874,credit_card,300
1754,874,coupon,100
1755,875,bank_transfer,200
1756,876,gift_card,700
1757,876,credit_card,100
1758,877,coupon,800
1759,877,gift_card,100
1760,877,credit_card,100
1761,878,credit_card,700
1762,878,credit_card,100
1763,879,credit_card,300
1764,879,coupon,300
1765,880,credit_card,700
1766,880,bank_transfer,100
1767,881,gift_card,700
1768,882,credit_card,800
1769,882,credit_card,100
1770,882,gift_card,100
1771,883,bank_transfer,700
1772,883,credit_card,100
1773,884,gift_card,200
1774,884,bank_transfer,300
1775,885,credit_card,100
1776,886,gift_card,700
1777,887,credit_card,600
1778,887,credit_card,100
1779,887,bank_transfer,100
1780,888,credit_card,500
1781,888,gift_card,400
1782,888,coupon,100
1783,889,coupon,600
1784,889,credit_card,100
1785,889,gift_card,300
1786,890,gift_card,800
1787,891,credit_card,300
1788,892,gift_card,100
1789,892,bank_transfer,400
1790,892,credit_card,500
1791,893,gift_card,500
1792,894,coupon,100
1793,895,gift_card,400
1794,895,gift_card,500
1795,895,coupon,100
1796,896,coupon,500
1797,897,bank_transfer,200
1798,897,coupon,400
1799,898,gift_card,100
1800,898,gift_card,400
1801,898,bank_transfer,400
1802,899,bank_transfer,400
1803,900,bank_transfer,600
1804,901,gift_card,300
1805,901,gift_card,200
1806,901,coupon,400
1807,902,credit_card,400
1808,902,coupon,200
1809,902,bank_transfer,100
1810,903,bank_transfer,800
1811,903,gift_card,100
1812,904,credit_card,400
1813,905,gift_card,500
1814,906,bank_transfer,500
1815,907,credit_card,100
1816,907,gift_card,200
1817,908,coupon,500
1818,909,gift_card,200
1819,909,gift_card,600
1820,909,coupon,200
1821,910,bank_transfer,400
1822,911,bank_transfer,300
1823,911,coupon,300
1824,911,bank_transfer,400
1825,912,gift_card,300
1826,912,coupon,400
1827,913,credit_card,200
1828,914,credit_card,400
1829,915,credit_card,100
1830,915,bank_transfer,800
1831,916,gift_card,600
1832,916,gift_card,200
1833,917,credit_card,800
1834,918,gift_card,500
1835,918,coupon,400
1836,919,coupon,400
1837,919,coupon,400
1838,919,coupon,100
1839,920,credit_card,600
1840,920,gift_card,200
1841,921,bank_transfer,200
1842,922,gift_card,800
1843,923,credit_card,400
1844,923,coupon,400
1845,924,credit_card,100
1846,924,gift_card,400
1847,924,credit_card,200
1848,925,gift_card,300
1849,925,coupon,600
1850,925,bank_transfer,100
1851,926,gift_card,800
1852,927,bank_transfer,300
1853,927,gift_card,500
1854,928,gift_card,800
1855,928,coupon,100
1856,928,credit_card,100
1857,929,bank_transfer,400
1858,930,coupon,200
1859,930,bank_transfer,600
1860,931,coupon,600
1861,931,credit_card,100
1862,932,gift_card,600
1863,933,credit_card,700
1864,933,coupon,100
1865,934,credit_card,600
1866,935,coupon,700
1867,935,bank_transfer,100
1868,935,coupon,100
1869,936,bank_transfer,300
1870,937,gift_card,200
1871,937,coupon,100
1872,937,gift_card,700
1873,938,gift_card,500
1874,938,coupon,200
1875,939,credit_card,100
1876,939,coupon,200
1877,939,coupon,200
1878,940,credit_card,800
1879,940,coupon,100
1880,940,bank_transfer,100
1881,941,bank_transfer,300
1882,941,bank_transfer,500
1883,942,credit_card,500
1884,942,credit_card,100
1885,943,gift_card,200
1886,944,credit_card,200
1887,944,credit_card,700
1888,945,gift_card,300
1889,945,coupon,500
1890,945,bank_transfer,100
1891,946,credit_card,400
1892,946,credit_card,100
1893,947,credit_card,600
1894,948,credit_card,200
1895,948,gift_card,500
1896,948,coupon,100
1897,949,credit_card,400
1898,949,bank_transfer,300
1899,950,bank_transfer,600
1900,950,gift_card,100
1901,951,gift_card,800
1902,951,credit_card,100
1903,952,gift_card,600
1904,952,bank_transfer,200
1905,953,credit_card,800
1906,954,gift_card,500
1907,955,gift_card,500
1908,955,credit_card,300
1909,955,credit_card,100
1910,956,gift_card,200
1911,956,bank_transfer,700
1912,956,bank_transfer,100
1913,957,credit_card,200
1914,957,gift_card,700
1915,958,bank_transfer,600
1916,958,bank_transfer,300
1917,958,credit_card,100
1918,959,coupon,800
1919,959,credit_card,100
1920,960,credit_card,400
1921,960,coupon,200
1922,961,coupon,700
1923,961,gift_card,100
1924,961,credit_card,200
1925,962,bank_transfer,600
1926,962,bank_transfer,100
1927,962,gift_card,200
1928,963,coupon,700
1929,963,gift_card,200
1930,963,credit_card,100
1931,964,gift_card,400
1932,964,credit_card,100
1933,965,coupon,100
1934,966,gift_card,700
1935,966,coupon,100
1936,967,credit_card,100
1937,967,coupon,300
1938,967,coupon,400
1939,968,bank_transfer,800
1940,968,credit_card,100
1941,968,credit_card,100
1942,969,credit_card,200
1943,969,coupon,100
1944,970,bank_transfer,300
1945,971,coupon,300
1946,971,gift_card,200
1947,972,credit_card,400
1948,972,bank_transfer,300
1949,972,credit_card,100
1950,973,bank_transfer,600
1951,973,coupon,300
1952,973,bank_transfer,100
1953,974,coupon,700
1954,975,bank_transfer,400
1955,975,gift_card,200
1956,975,coupon,400
1957,976,coupon,200
1958,976,coupon,200
1959,976,coupon,400
1960,977,credit_card,400
1961,977,credit_card,200
1962,978,credit_card,600
1963,978,gift_card,200
1964,978,coupon,200
1965,979,gift_card,800
1966,979,bank_transfer,100
1967,980,credit_card,400
1968,981,coupon,500
1969,981,coupon,100
1970,981,gift_card,400
1971,982,bank_transfer,100
1972,982,coupon,300
1973,982,credit_card,500
1974,983,credit_card,500
1975,983,credit_card,200
1976,984,credit_card,700
1977,984,gift_card,200
1978,985,coupon,400
1979,985,coupon,100
1980,985,gift_card,300
1981,986,gift_card,100
1982,987,bank_transfer,500
1983,987,credit_card,300
1984,987,coupon,100
1985,988,coupon,500
1986,988,coupon,200
1987,989,bank_transfer,400
1988,989,coupon,300
1989,989,credit_card,200
1990,990,credit_card,600
1991,990,coupon,300
1992,990,coupon,100
1993,991,bank_transfer,700
1994,991,bank_transfer,200
1995,991,coupon,100
1996,992,gift_card,400
1997,992,bank_transfer,300
1998,993,bank_transfer,400
1999,994,bank_transfer,700
2000,994,credit_card,200
2001,994,gift_card,100
2002,995,coupon,800
2003,996,coupon,500
2004,997,gift_card,200
2005,997,bank_transfer,600
2006,998,bank_transfer,700
2007,998,credit_card,100
2008,998,gift_card,100
2009,999,bank_transfer,700
2010,999,gift_card,100
2011,1000,gift_card,500
2012,1000,bank_transfer,400
2013,1000,gift_card,100
2014,1001,coupon,700
2015,1001,gift_card,100
2016,1001,bank_transfer,200
2017,1002,bank_transfer,500
2018,1002,bank_transfer,200
2019,1002,bank_transfer,100
2020,1003,coupon,600
2021,1003,gift_card,300
2022,1004,bank_transfer,200
2023,1004,credit_card,200
2024,1005,bank_transfer,300
2025,1006,bank_transfer,600
2026,1006,credit_card,200
2027,1007,credit_card,100
2028,1007,coupon,200
2029,1008,bank_transfer,800
2030,1008,gift_card,100
2031,1008,coupon,100
2032,1009,coupon,600
2033,1010,gift_card,300
2034,1010,coupon,100
2035,1010,bank_transfer,200
2036,1011,coupon,800
2037,1011,gift_card,100
2038,1011,credit_card,100
2039,1012,bank_transfer,700
2040,1012,gift_card,100
2041,1013,bank_transfer,500
2042,1014,bank_transfer,800
2043,1015,bank_transfer,600
2044,1015,coupon,100
2045,1015,gift_card,100
2046,1016,gift_card,300
2047,1016,credit_card,600
2048,1016,credit_card,100
2049,1017,coupon,100
2050,1018,coupon,400
2051,1019,credit_card,200
2052,1020,coupon,800
2053,1020,coupon,100
2054,1021,credit_card,500
2055,1021,bank_transfer,100
2056,1021,gift_card,200
2057,1022,coupon,800
2058,1022,bank_transfer,100
2059,1022,credit_card,100
2060,1023,gift_card,700
2061,1024,gift_card,700
2062,1025,bank_transfer,100
2063,1025,gift_card,100
2064,1026,coupon,100
2065,1027,credit_card,400
2066,1027,bank_transfer,300
2067,1028,credit_card,600
2068,1028,gift_card,100
2069,1028,credit_card,100
2070,1029,gift_card,200
2071,1030,credit_card,400
2072,1030,gift_card,100
2073,1031,coupon,700
2074,1031,coupon,200
2075,1031,coupon,100
2076,1032,coupon,100
2077,1033,credit_card,500
2078,1033,credit_card,100
2079,1033,credit_card,200
2080,1034,coupon,800
2081,1034,coupon,100
2082,1035,credit_card,400
2083,1035,bank_transfer,500
2084,1036,coupon,500
2085,1037,coupon,100
2086,1038,gift_card,400
2087,1038,gift_card,100
2088,1039,gift_card,600
2089,1039,coupon,200
2090,1039,gift_card,100
2091,1040,credit_card,700
2092,1041,credit_card,800
2093,1041,gift_card,100
2094,1042,bank_transfer,100
2095,1042,bank_transfer,200
2096,1042,gift_card,500
2097,1043,gift_card,600
2098,1043,credit_card,200
2099,1044,credit_card,600
2100,1044,coupon,200
2101,1044,credit_card,100
2102,1045,bank_transfer,500
2103,1045,gift_card,100
2104,1045,coupon,400
2105,1046,credit_card,400
2106,1046,credit_card,500
2107,1046,coupon,100
2108,1047,gift_card,600
2109,1048,credit_card,300
2110,1048,gift_card,600
2111,1048,bank_transfer,100
2112,1049,gift_card,400
2113,1049,coupon,500
2114,1049,credit_card,100
2115,1050,bank_transfer,800
2116,1051,credit_card,500
2117,1051,credit_card,100
2118,1051,coupon,100
2119,1052,coupon,600
2120,1052,credit_card,100
2121,1052,gift_card,100
2122,1053,credit_card,700
2123,1053,gift_card,200
2124,1054,coupon,500
2125,1054,bank_transfer,300
2126,1055,bank_transfer,100
2127,1056,gift_card,300
2128,1056,bank_transfer,400
2129,1057,credit_card,800
2130,1057,credit_card,100
2131,1058,gift_card,400
2132,1058,bank_transfer,400
2133,1058,bank_transfer,200
2134,1059,coupon,400
2135,1059,coupon,400
2136,1059,bank_transfer,100
2137,1060,bank_transfer,700
2138,1060,gift_card,200
2139,1061,credit_card,600
2140,1061,credit_card,100
2141,1062,gift_card,500
2142,1062,bank_transfer,300
2143,1063,bank_transfer,600
2144,1063,coupon,200
2145,1063,bank_transfer,100
2146,1064,coupon,100
2147,1065,coupon,600
2148,1066,bank_transfer,400
2149,1066,gift_card,500
2150,1066,bank_transfer,100
2151,1067,gift_card,200
2152,1067,bank_transfer,500
2153,1068,gift_card,400
2154,1068,gift_card,400
2155,1068,bank_transfer,100
2156,1069,credit_card,400
2157,1070,gift_card,600
2158,1070,bank_transfer,200
2159,1071,coupon,200
2160,1071,coupon,200
2161,1071,gift_card,500
2162,1072,gift_card,700
2163,1072,coupon,200
2164,1072,credit_card,100
2165,1073,credit_card,400
2166,1074,gift_card,100
2167,1074,credit_card,700
2168,1074,credit_card,200
2169,1075,coupon,400
2170,1076,coupon,700
2171,1076,bank_transfer,100
2172,1077,gift_card,300
2173,1078,coupon,100
2174,1078,bank_transfer,200
2175,1078,bank_transfer,500
2176,1079,bank_transfer,600
2177,1080,gift_card,400
2178,1080,bank_transfer,400
2179,1080,credit_card,100
2180,1081,credit_card,100
2181,1081,credit_card,600
2182,1082,bank_transfer,400
2183,1082,credit_card,200
2184,1082,bank_transfer,400
2185,1083,coupon,800
2186,1083,coupon,100
2187,1084,bank_transfer,600
2188,1085,gift_card,600
2189,1086,gift_card,400
2190,1086,bank_transfer,200
2191,1086,coupon,200
2192,1087,coupon,800
2193,1087,coupon,100
2194,1087,bank_transfer,100
2195,1088,bank_transfer,100
2196,1088,gift_card,400
2197,1089,gift_card,700
2198,1089,gift_card,200
2199,1089,credit_card,100
2200,1090,credit_card,800
2201,1091,bank_transfer,500
2202,1091,coupon,400
2203,1091,credit_card,100
2204,1092,gift_card,700
2205,1093,gift_card,600
2206,1093,coupon,100
2207,1093,bank_transfer,200
2208,1094,credit_card,800
2209,1094,credit_card,100
2210,1094,gift_card,100
2211,1095,bank_transfer,600
2212,1095,bank_transfer,200
2213,1096,credit_card,300
2214,1096,coupon,600
2215,1096,credit_card,100
2216,1097,credit_card,100
2217,1098,gift_card,800
2218,1098,gift_card,100
2219,1099,coupon,400
2220,1099,gift_card,300
2221,1100,coupon,200
2222,1101,coupon,300
2223,1101,bank_transfer,600
2224,1101,credit_card,100
2225,1102,coupon,600
2226,1102,gift_card,200
2227,1103,bank_transfer,800
2228,1104,bank_transfer,500
2229,1104,gift_card,200
2230,1104,credit_card,200
2231,1105,coupon,700
2232,1105,bank_transfer,200
2233,1105,bank_transfer,100
2234,1106,gift_card,500
2235,1106,bank_transfer,200
2236,1107,credit_card,200
2237,1107,gift_card,100
2238,1108,gift_card,500
2239,1109,bank_transfer,500
2240,1109,coupon,200
2241,1110,credit_card,400
2242,1111,credit_card,300
2243,1111,bank_transfer,600
2244,1112,credit_card,100
2245,1113,credit_card,200
2246,1113,gift_card,700
2247,1114,credit_card,500
2248,1114,credit_card,300
2249,1114,bank_transfer,200
2250,1115,bank_transfer,300
2251,1116,coupon,500
2252,1116,gift_card,400
2253,1116,bank_transfer,100
2254,1117,coupon,300
2255,1118,gift_card,500
2256,1118,gift_card,100
2257,1118,coupon,200
2258,1119,coupon,700
2259,1119,credit_card,100
2260,1120,bank_transfer,300
2261,1121,gift_card,600
2262,1121,bank_transfer,100
2263,1121,credit_card,200
2264,1122,coupon,300
2265,1122,credit_card,200
2266,1123,credit_card,400
2267,1124,credit_card,400
2268,1124,credit_card,100
2269,1124,coupon,200
2270,1125,gift_card,200
2271,1125,gift_card,700
2272,1126,credit_card,300
2273,1126,coupon,400
2274,1127,coupon,800
2275,1127,bank_transfer,100
2276,1127,credit_card,100
2277,1128,bank_transfer,800
2278,1129,coupon,700
2279,1129,bank_transfer,200
2280,1130,credit_card,500
2281,1131,bank_transfer,800
2282,1131,bank_transfer,100
2283,1131,gift_card,100
2284,1132,gift_card,800
2285,1132,gift_card,100
2286,1133,credit_card,400
2287,1133,credit_card,200
2288,1134,credit_card,100
2289,1134,coupon,400
2290,1135,credit_card,600
2291,1135,bank_transfer,200
2292,1135,coupon,200
2293,1136,bank_transfer,100
2294,1137,gift_card,800
2295,1138,gift_card,400
2296,1139,gift_card,200
2297,1139,coupon,500
2298,1139,bank_transfer,200
2299,1140,gift_card,600
2300,1141,coupon,300
2301,1142,coupon,800
2302,1142,bank_transfer,100
2303,1143,coupon,700
2304,1143,coupon,100
2305,1143,bank_transfer,100
2306,1144,credit_card,400
2307,1145,bank_transfer,200
2308,1146,bank_transfer,800
2309,1146,coupon,100
2310,1147,credit_card,300
2311,1147,credit_card,200
2312,1147,coupon,500
2313,1148,credit_card,500
2314,1148,credit_card,300
2315,1148,bank_transfer,200
2316,1149,credit_card,400
2317,1149,coupon,500
2318,1150,coupon,300
2319,1151,gift_card,700
2320,1152,gift_card,500
2321,1152,bank_transfer,400
2322,1153,coupon,100
2323,1153,coupon,100
2324,1154,gift_card,600
2325,1154,coupon,300
2326,1154,credit_card,100
2327,1155,coupon,300
2328,1155,gift_card,400
2329,1156,coupon,600
2330,1156,credit_card,200
2331,1156,gift_card,200
2332,1157,bank_transfer,700
2333,1158,credit_card,300
2334,1158,bank_transfer,100
2335,1158,coupon,600
2336,1159,credit_card,300
2337,1159,coupon,100
2338,1159,gift_card,500
2339,1160,bank_transfer,300
2340,1161,bank_transfer,500
2341,1161,bank_transfer,100
2342,1162,coupon,700
2343,1162,bank_transfer,200
2344,1163,coupon,800
2345,1164,gift_card,700
2346,1164,coupon,100
2347,1165,bank_transfer,700
2348,1165,gift_card,100
2349,1166,coupon,300
2350,1166,coupon,200
2351,1166,gift_card,500
2352,1167,bank_transfer,600
2353,1167,gift_card,200
2354,1168,bank_transfer,300
2355,1168,coupon,600
2356,1169,coupon,200
2357,1170,coupon,300
2358,1171,credit_card,500
2359,1171,credit_card,400
2360,1171,credit_card,100
2361,1172,bank_transfer,100
2362,1172,bank_transfer,100
2363,1173,credit_card,800
2364,1174,coupon,100
2365,1175,credit_card,700
2366,1175,coupon,200
2367,1175,credit_card,100
2368,1176,credit_card,700
2369,1177,coupon,800
2370,1178,coupon,500
2371,1179,credit_card,500
2372,1180,credit_card,800
2373,1180,coupon,100
2374,1181,bank_transfer,400
2375,1181,credit_card,300
2376,1182,credit_card,400
2377,1183,credit_card,600
2378,1183,gift_card,300
2379,1184,bank_transfer,700
2380,1185,coupon,100
2381,1185,gift_card,100
2382,1186,credit_card,700
2383,1186,gift_card,100
2384,1186,coupon,100
2385,1187,coupon,500
2386,1187,gift_card,400
2387,1187,coupon,100
2388,1188,credit_card,400
2389,1188,gift_card,400
2390,1189,gift_card,600
2391,1189,credit_card,200
2392,1190,coupon,800
2393,1191,bank_transfer,200
2394,1191,credit_card,100
2395,1191,bank_transfer,500
2396,1192,bank_transfer,200
2397,1192,gift_card,700
2398,1193,credit_card,700
2399,1193,credit_card,100
2400,1193,gift_card,100
2401,1194,bank_transfer,300
2402,1194,gift_card,200
2403,1194,bank_transfer,500
2404,1195,gift_card,100
2405,1196,credit_card,500
2406,1197,credit_card,800
2407,1197,gift_card,100
2408,1197,gift_card,100
2409,1198,gift_card,800
2410,1198,gift_card,100
2411,1198,credit_card,100
2412,1199,bank_transfer,700
2413,1199,credit_card,100
2414,1199,bank_transfer,200
2415,1200,coupon,700
2416,1200,credit_card,200
2417,1201,gift_card,800
2418,1202,gift_card,700
2419,1202,credit_card,200
2420,1202,credit_card,100
2421,1203,gift_card,300
2422,1203,gift_card,200
2423,1203,coupon,500
2424,1204,gift_card,200
2425,1204,gift_card,400
2426,1205,gift_card,800
2427,1205,coupon,100
2428,1205,coupon,100
2429,1206,gift_card,600
2430,1207,credit_card,200
2431,1208,credit_card,200
2432,1208,coupon,400
2433,1209,bank_transfer,400
2434,1209,credit_card,200
2435,1209,gift_card,400
2436,1210,bank_transfer,600
2437,1210,bank_transfer,300
2438,1211,gift_card,300
2439,1211,bank_transfer,100
2440,1211,credit_card,100
2441,1212,bank_transfer,200
2442,1212,gift_card,300
2443,1212,coupon,500
2444,1213,coupon,200
2445,1214,bank_transfer,700
2446,1215,coupon,800
2447,1215,coupon,100
2448,1216,coupon,700
2449,1216,credit_card,200
2450,1217,bank_transfer,500
2451,1217,coupon,200
2452,1217,coupon,200
2453,1218,credit_card,200
2454,1218,coupon,500
2455,1218,bank_transfer,100
2456,1219,bank_transfer,600
2457,1220,bank_transfer,200
2458,1221,coupon,600
2459,1222,gift_card,500
2460,1223,bank_transfer,400
2461,1224,bank_transfer,300
2462,1224,gift_card,300
2463,1225,gift_card,800
2464,1225,bank_transfer,100
2465,1226,bank_transfer,700
2466,1227,gift_card,500
2467,1228,bank_transfer,600
2468,1228,bank_transfer,200
2469,1229,gift_card,100
2470,1229,coupon,600
2471,1230,gift_card,500
2472,1230,bank_transfer,100
2473,1230,coupon,200
2474,1231,coupon,700
2475,1232,credit_card,600
2476,1232,credit_card,300
2477,1232,credit_card,100
2478,1233,bank_transfer,700
2479,1234,bank_transfer,100
2480,1234,credit_card,200
2481,1235,gift_card,800
2482,1236,gift_card,100
2483,1236,gift_card,600
2484,1236,bank_transfer,300
2485,1237,gift_card,800
2486,1238,credit_card,100
2487,1239,credit_card,400
2488,1240,gift_card,800
2489,1241,credit_card,500
2490,1242,credit_card,400
2491,1242,credit_card,200
2492,1243,gift_card,100
2493,1243,gift_card,700
2494,1244,bank_transfer,100
2495,1245,gift_card,500
2496,1245,coupon,300
2497,1246,bank_transfer,100
2498,1247,credit_card,800
2499,1247,bank_transfer,100
2500,1247,bank_transfer,100
2501,1248,bank_transfer,400
2502,1248,gift_card,400
2503,1249,gift_card,300
2504,1249,coupon,300
2505,1250,gift_card,500
2506,1251,coupon,600
2507,1251,bank_transfer,100
2508,1251,gift_card,300
2509,1252,coupon,300
2510,1252,coupon,600
2511,1252,gift_card,100
2512,1253,credit_card,400
2513,1253,credit_card,300
2514,1253,credit_card,100
2515,1254,credit_card,300
2516,1255,gift_card,200
2517,1255,credit_card,400
2518,1255,bank_transfer,400
2519,1256,gift_card,500
2520,1256,coupon,300
2521,1257,credit_card,500
2522,1257,gift_card,200
2523,1258,gift_card,600
2524,1259,gift_card,700
2525,1260,coupon,400
2526,1260,bank_transfer,400
2527,1260,coupon,100
2528,1261,coupon,400
2529,1262,credit_card,300
2530,1262,credit_card,200
2531,1262,bank_transfer,400
2532,1263,bank_transfer,100
2533,1264,bank_transfer,200
2534,1264,bank_transfer,600
2535,1265,coupon,200
2536,1265,gift_card,200
2537,1266,credit_card,500
2538,1267,credit_card,200
2539,1267,gift_card,600
2540,1268,gift_card,300
2541,1268,bank_transfer,500
2542,1269,credit_card,800
2543,1269,bank_transfer,100
2544,1270,coupon,100
2545,1271,coupon,300
2546,1272,credit_card,400
2547,1273,gift_card,600
2548,1273,gift_card,200
2549,1274,coupon,400
2550,1275,coupon,800
2551,1275,credit_card,100
2552,1275,bank_transfer,100
2553,1276,coupon,200
2554,1277,coupon,100
2555,1278,bank_transfer,200
2556,1279,gift_card,100
2557,1280,credit_card,300
2558,1280,bank_transfer,100
2559,1280,coupon,300
2560,1281,bank_transfer,500
2561,1281,gift_card,400
2562,1281,gift_card,100
2563,1282,credit_card,300
2564,1282,credit_card,600
2565,1283,credit_card,600
2566,1283,gift_card,100
2567,1284,credit_card,300
2568,1284,coupon,300
2569,1284,bank_transfer,300
2570,1285,coupon,800
2571,1286,credit_card,700
2572,1286,bank_transfer,200
2573,1287,credit_card,100
2574,1288,gift_card,200
2575,1289,coupon,400
2576,1289,gift_card,500
2577,1289,gift_card,100
2578,1290,bank_transfer,800
2579,1290,gift_card,100
2580,1290,coupon,100
2581,1291,credit_card,800
2582,1292,gift_card,200
2583,1293,credit_card,100
2584,1293,coupon,400
2585,1294,coupon,100
2586,1294,coupon,300
2587,1295,gift_card,500
2588,1295,bank_transfer,100
2589,1296,bank_transfer,600
2590,1297,gift_card,300
2591,1298,coupon,400
2592,1298,gift_card,200
2593,1298,credit_card,400
2594,1299,coupon,800
2595,1300,gift_card,500
2596,1301,bank_transfer,400
2597,1302,gift_card,800
2598,1303,bank_transfer,800
2599,1303,bank_transfer,100
2600,1304,gift_card,100
2601,1304,gift_card,600
2602,1304,credit_card,100
2603,1305,bank_transfer,800
2604,1306,gift_card,400
2605,1306,credit_card,500
2606,1306,bank_transfer,100
2607,1307,credit_card,500
2608,1307,gift_card,300
2609,1307,gift_card,200
2610,1308,gift_card,400
2611,1308,bank_transfer,400
2612,1309,gift_card,400
2613,1309,coupon,400
2614,1309,bank_transfer,100
2615,1310,credit_card,700
2616,1311,coupon,300
2617,1311,credit_card,300
2618,1311,coupon,400
2619,1312,credit_card,400
2620,1312,gift_card,100
2621,1312,bank_transfer,500
2622,1313,credit_card,800
2623,1313,credit_card,100
2624,1314,gift_card,200
2625,1314,credit_card,600
2626,1314,coupon,200
2627,1315,credit_card,600
2628,1315,coupon,100
2629,1315,gift_card,200
2630,1316,bank_transfer,400
2631,1316,bank_transfer,400
2632,1316,credit_card,100
2633,1317,bank_transfer,800
2634,1318,gift_card,400
2635,1319,credit_card,700
2636,1320,coupon,400
2637,1320,gift_card,400
2638,1320,bank_transfer,100
2639,1321,bank_transfer,100
2640,1321,coupon,700
2641,1322,credit_card,400
2642,1323,bank_transfer,200
2643,1323,coupon,700
2644,1324,gift_card,200
2645,1324,gift_card,200
2646,1325,gift_card,700
2647,1325,coupon,100
2648,1326,gift_card,800
2649,1326,credit_card,100
2650,1326,credit_card,100
2651,1327,gift_card,400
2652,1327,coupon,200
2653,1328,coupon,700
2654,1328,gift_card,200
2655,1329,coupon,300
2656,1329,bank_transfer,600
2657,1330,bank_transfer,600
2658,1330,gift_card,200
2659,1331,bank_transfer,800
2660,1331,credit_card,100
2661,1332,bank_transfer,500
2662,1333,gift_card,500
2663,1333,coupon,300
2664,1334,coupon,200
2665,1335,gift_card,700
2666,1335,bank_transfer,100
2667,1336,bank_transfer,300
2668,1336,gift_card,100
2669,1336,coupon,200
2670,1337,credit_card,100
2671,1338,credit_card,700
2672,1339,coupon,600
2673,1339,bank_transfer,100
2674,1340,gift_card,300
2675,1341,coupon,200
2676,1341,credit_card,500
2677,1341,gift_card,100
2678,1342,coupon,400
2679,1342,coupon,200
2680,1343,gift_card,700
2681,1343,credit_card,100
2682,1343,credit_card,200
2683,1344,gift_card,700
2684,1344,bank_transfer,200
2685,1344,bank_transfer,100
2686,1345,bank_transfer,500
2687,1346,coupon,700
2688,1347,bank_transfer,600
2689,1347,gift_card,100
2690,1348,coupon,400
2691,1349,coupon,400
2692,1349,coupon,100
2693,1349,bank_transfer,500
2694,1350,bank_transfer,400
2695,1350,coupon,200
2696,1350,coupon,100
2697,1351,credit_card,700
2698,1351,credit_card,200
2699,1351,coupon,100
2700,1352,gift_card,700
2701,1353,gift_card,700
2702,1353,credit_card,200
2703,1353,bank_transfer,100
2704,1354,gift_card,200
2705,1354,credit_card,300
2706,1354,coupon,100
2707,1355,credit_card,600
2708,1356,coupon,300
2709,1356,bank_transfer,500
2710,1356,credit_card,100
2711,1357,gift_card,100
2712,1357,bank_transfer,200
2713,1358,bank_transfer,800
2714,1358,coupon,100
2715,1359,gift_card,800
2716,1359,coupon,100
2717,1359,gift_card,100
2718,1360,gift_card,300
2719,1360,gift_card,200
2720,1360,bank_transfer,200
2721,1361,coupon,100
2722,1362,gift_card,700
2723,1363,coupon,500
2724,1363,gift_card,100
2725,1363,bank_transfer,200
2726,1364,coupon,500
2727,1364,credit_card,200
2728,1364,coupon,300
2729,1365,bank_transfer,300
2730,1365,gift_card,200
2731,1366,bank_transfer,600
2732,1366,coupon,100
2733,1366,credit_card,300
2734,1367,gift_card,500
2735,1367,coupon,100
2736,1368,credit_card,300
2737,1368,bank_transfer,100
2738,1368,gift_card,100
2739,1369,credit_card,500
2740,1370,bank_transfer,300
2741,1371,coupon,600
2742,1371,credit_card,300
2743,1371,gift_card,100
2744,1372,coupon,300
2745,1372,gift_card,200
2746,1373,coupon,500
2747,1374,credit_card,500
2748,1375,credit_card,300
2749,1375,coupon,200
2750,1375,gift_card,100
2751,1376,coupon,200
2752,1376,bank_transfer,300
2753,1377,bank_transfer,100
2754,1377,credit_card,700
2755,1378,bank_transfer,500
2756,1378,bank_transfer,100
2757,1379,bank_transfer,800
2758,1380,gift_card,800
2759,1380,bank_transfer,100
2760,1380,coupon,100
2761,1381,gift_card,400
2762,1381,bank_transfer,500
2763,1382,coupon,600
2764,1382,bank_transfer,200
2765,1383,gift_card,600
2766,1383,coupon,200
2767,1383,gift_card,100
2768,1384,coupon,200
2769,1384,credit_card,700
2770,1385,credit_card,400
2771,1385,gift_card,200
2772,1385,bank_transfer,200
2773,1386,gift_card,700
2774,1386,coupon,200
2775,1386,credit_card,100
2776,1387,gift_card,200
2777,1387,gift_card,700
2778,1387,coupon,100
2779,1388,coupon,600
2780,1389,coupon,500
2781,1389,credit_card,100
2782,1389,credit_card,400
2783,1390,bank_transfer,200
2784,1391,bank_transfer,600
2785,1392,coupon,700
2786,1392,gift_card,100
2787,1392,bank_transfer,100
2788,1393,coupon,100
2789,1394,credit_card,700
2790,1395,credit_card,500
2791,1396,credit_card,700
2792,1396,credit_card,200
2793,1397,coupon,600
2794,1397,gift_card,100
2795,1397,credit_card,300
2796,1398,bank_transfer,700
2797,1398,bank_transfer,200
2798,1399,coupon,500
2799,1399,credit_card,100
2800,1399,coupon,400
2801,1400,credit_card,100
2802,1400,gift_card,100
2803,1401,gift_card,600
2804,1402,gift_card,300
2805,1403,gift_card,200
2806,1403,bank_transfer,500
2807,1403,bank_transfer,200
2808,1404,coupon,200
2809,1404,bank_transfer,700
2810,1404,bank_transfer,100
2811,1405,credit_card,400
2812,1405,credit_card,200
2813,1405,bank_transfer,100
2814,1406,gift_card,700
2815,1406,gift_card,200
2816,1407,gift_card,800
2817,1407,coupon,100
2818,1407,credit_card,100
2819,1408,credit_card,600
2820,1409,credit_card,100
2821,1409,gift_card,600
2822,1410,bank_transfer,700
2823,1410,bank_transfer,200
2824,1410,gift_card,100
2825,1411,bank_transfer,600
2826,1411,credit_card,100
2827,1411,credit_card,200
2828,1412,bank_transfer,800
2829,1412,coupon,100
2830,1413,credit_card,700
2831,1413,credit_card,100
2832,1414,gift_card,300
2833,1414,credit_card,400
2834,1414,bank_transfer,300
2835,1415,bank_transfer,400
2836,1416,coupon,800
2837,1417,coupon,500
2838,1418,gift_card,500
2839,1418,gift_card,400
2840,1418,bank_transfer,100
2841,1419,bank_transfer,700
2842,1419,credit_card,200
2843,1420,coupon,700
2844,1420,credit_card,100
2845,1421,gift_card,200
2846,1422,coupon,300
2847,1422,gift_card,200
2848,1422,credit_card,500
2849,1423,coupon,400
2850,1423,coupon,200
2851,1424,credit_card,100
2852,1424,coupon,400
2853,1424,credit_card,200
2854,1425,bank_transfer,700
2855,1425,gift_card,100
2856,1426,coupon,200
2857,1426,credit_card,400
2858,1427,bank_transfer,600
2859,1427,credit_card,100
2860,1428,gift_card,100
2861,1429,credit_card,300
2862,1430,gift_card,600
2863,1430,gift_card,200
2864,1430,bank_transfer,100
2865,1431,credit_card,500
2866,1431,bank_transfer,400
2867,1432,bank_transfer,800
2868,1432,gift_card,100
2869,1432,coupon,100
2870,1433,bank_transfer,300
2871,1434,bank_transfer,100
2872,1434,gift_card,100
2873,1435,bank_transfer,300
2874,1435,coupon,500
2875,1436,credit_card,300
2876,1436,gift_card,400
2877,1437,coupon,100
2878,1437,credit_card,600
2879,1437,credit_card,200
2880,1438,bank_transfer,500
2881,1438,credit_card,300
2882,1438,credit_card,100
2883,1439,gift_card,800
2884,1439,bank_transfer,100
2885,1439,gift_card,100
2886,1440,bank_transfer,500
2887,1440,coupon,200
2888,1440,gift_card,100
2889,1441,gift_card,500
2890,1441,gift_card,200
2891,1441,bank_transfer,300
2892,1442,coupon,800
2893,1442,coupon,100
2894,1443,gift_card,600
2895,1444,gift_card,500
2896,1444,bank_transfer,100
2897,1444,bank_transfer,300
2898,1445,credit_card,700
2899,1445,credit_card,100
2900,1446,bank_transfer,300
2901,1446,bank_transfer,600
2902,1447,bank_transfer,300
2903,1448,coupon,300
2904,1448,gift_card,500
2905,1448,bank_transfer,200
2906,1449,credit_card,800
2907,1449,gift_card,100
2908,1449,gift_card,100
2909,1450,coupon,400
2910,1450,bank_transfer,300
2911,1450,coupon,100
2912,1451,coupon,800
2913,1451,coupon,100
2914,1451,credit_card,100
2915,1452,gift_card,200
2916,1452,coupon,700
2917,1452,credit_card,100
2918,1453,gift_card,200
2919,1454,gift_card,200
2920,1454,gift_card,100
2921,1455,coupon,200
2922,1455,bank_transfer,200
2923,1456,gift_card,200
2924,1456,gift_card,300
2925,1456,bank_transfer,500
2926,1457,credit_card,500
2927,1457,credit_card,100
2928,1458,coupon,700
2929,1459,gift_card,800
2930,1459,credit_card,100
2931,1459,gift_card,100
2932,1460,bank_transfer,700
2933,1460,coupon,200
2934,1460,gift_card,100
2935,1461,credit_card,800
2936,1461,credit_card,100
2937,1462,credit_card,200
2938,1462,gift_card,300
2939,1463,coupon,400
2940,1463,coupon,300
2941,1463,credit_card,100
2942,1464,bank_transfer,800
2943,1464,gift_card,100
2944,1464,gift_card,100
2945,1465,coupon,500
2946,1465,credit_card,400
2947,1465,gift_card,100
2948,1466,credit_card,100
2949,1466,coupon,300
2950,1466,bank_transfer,400
2951,1467,credit_card,600
2952,1467,coupon,200
2953,1468,credit_card,700
2954,1468,bank_transfer,100
2955,1469,credit_card,700
2956,1469,coupon,100
2957,1469,coupon,200
2958,1470,credit_card,700
2959,1470,gift_card,200
2960,1471,coupon,600
2961,1471,gift_card,200
2962,1472,credit_card,100
2963,1472,gift_card,200
2964,1472,bank_transfer,600
2965,1473,coupon,600
2966,1473,credit_card,200
2967,1473,credit_card,200
2968,1474,coupon,300
2969,1474,bank_transfer,200
2970,1474,credit_card,500
2971,1475,bank_transfer,400
2972,1476,credit_card,700
2973,1476,coupon,200
2974,1476,credit_card,100
2975,1477,coupon,500
2976,1477,bank_transfer,200
2977,1477,bank_transfer,100
2978,1478,bank_transfer,400
2979,1479,coupon,100
2980,1479,bank_transfer,800
2981,1479,bank_transfer,100
2982,1480,coupon,300
2983,1481,gift_card,400
2984,1482,credit_card,300
2985,1482,bank_transfer,100
2986,1483,credit_card,800
2987,1484,coupon,300
2988,1484,bank_transfer,100
2989,1484,credit_card,400
2990,1485,credit_card,700
2991,1485,coupon,200
2992,1486,bank_transfer,200
2993,1486,coupon,500
2994,1487,credit_card,400
2995,1487,bank_transfer,500
2996,1487,coupon,100
2997,1488,coupon,200
2998,1488,credit_card,600
2999,1488,bank_transfer,100
3000,1489,credit_card,100
3001,1489,gift_card,700
3002,1490,credit_card,100
3003,1491,coupon,200
3004,1491,credit_card,300
3005,1492,bank_transfer,500
3006,1493,credit_card,500
3007,1493,credit_card,100
3008,1493,coupon,400
3009,1494,gift_card,400
3010,1495,credit_card,800
3011,1495,coupon,100
3012,1496,bank_transfer,200
3013,1496,credit_card,500
3014,1497,coupon,500
3015,1497,credit_card,400
3016,1497,coupon,100
3017,1498,coupon,500
3018,1498,gift_card,300
3019,1499,coupon,500
3020,1499,gift_card,100
3021,1500,gift_card,700
