id,user_id,user_email,hashed_password,signup_date
1,1,Laurah.1@example.com,deaddff399eb8d97a454e5bd79d4ab5d4b6a9974024d5d5d20ec0c25980adeaa,2025-01-03
2,2,Virginiar.2@example.com,72bf0743a42e05708667e17bafd156539dacf508ab1116aaa7602e7ac6791faa,2025-01-07
3,3,Aaronr.3@example.com,8f0b38d241fb911a1d52c82c5964375b8cc60516c249a7409ab7ef191ed940cc,2025-01-07
4,4,Pauld.4@example.com,e24091065ddc91643778fe7871d3681bd6542bb6fb7c0bcef4624116396fd42b,2025-01-03
5,5,Billya.5@example.com,84b83cd593dec7d537e3cb3559b349af4b15e8ada2779495cee5d450ff629550,2025-01-07
6,6,Geraldd.6@example.com,62ce3ebf1565c1de7942a18c25d70cadff2c7fc79a24d3ffea6025f8ead16b74,2025-01-06
7,7,Mildredg.7@example.com,dd9554e6df1fa480549986fe53821245254c180c0b7ab9d60409a5d73fa10c36,2025-01-04
8,8,Jackb.8@example.com,3279edff89ffbbe1598e6fdf6d72414ffd2128d29392ae50e07450832e954d82,2025-01-03
9,9,Kathryng.9@example.com,2365e7cdc8f1f8e319743549189616e8190a027e46fc6d832dca2aef703b7fe5,2025-01-03
10,10,Brendae.10@example.com,73802303027aed6deb33ed310e8452c03f6eeab6080bf9d32fe275c4ee2026ca,2025-01-06
11,11,Thomask.11@example.com,de384efade115ba209ffbe32c447f1b856dce2f8e2fa6450276cd91998712774,2025-01-03
12,12,Jeanf.12@example.com,9cdd57d382b3a212ea261fd9a09dc2dc62d136a3100c3f0d1c84d8ee181514c6,2025-01-03
13,13,Judyg.13@example.com,c0e58047394918eeaf47db95a365d5e3ddc7992854bc517b601d333f10e58041,2025-01-04
14,14,Nicoled.14@example.com,175f3291387e7cd1838dd717ed02cb85ffabc169f07b5ef5c08eafefadee424f,2025-01-05
15,15,Stevem.15@example.com,3d249a1799f2b392c8636f309c17bb8407c692b3b61f7c10122e48b3aa42711c,2025-01-03
16,16,Nicholasa.16@example.com,df9932d54cb10a7b8b70855d504bd9bc06c3cb48dbc8d8ad650ddea9282997c9,2025-01-05
17,17,Margarett.17@example.com,17372f54becb14eac741e594d6fef8aa499add2f2869fab75eb3d9f70df1d28e,2025-01-03
18,18,Howardj.18@example.com,bd67da0017920e6b0757ed44ff7ddf3e0b07f6a286a4b739ddf91e9b8a5f5600,2025-01-03
19,19,Jimmyl.19@example.com,98f44ecfcefa0718d9ecbcd8b209c57483a491a5adc8c42bcfc6477b824e4a79,2025-01-03
20,20,Kimberlyn.20@example.com,62794e0b071a9241f799b70e1ef9c32de9c55614cfda47e95bfbb1b22d207641,2025-01-04
21,21,Rosep.21@example.com,665e04819368eeab07b0ca355fd700a1d134ef8cb2d6f9978920f7ee24d8e9b7,2025-01-04
22,22,Arthurh.22@example.com,1e2fa20d3de68c30c60e9bb6eb95675ab822aa7e69e26fb9fedb569aa0e9c16d,2025-01-05
23,23,Elizabethj.23@example.com,e6972276511d8c601b45a37c4515d2fd0fad12d9812df79759fe63b606080258,2025-01-07
24,24,Sarab.24@example.com,8894d171013cc4ad9d28076e4ab9e90639532a1362baeaff085ce6a536807cd8,2025-01-03
25,25,Martinr.25@example.com,4ef01b2f97751b1514bec17918588e13f5db4f755a806c801f4a464bea636f78,2025-01-06
26,26,Teresaa.26@example.com,88007e4bed7b93e43b9c8434166c2e37bdf3e05040767372b4372f126b0aec3f,2025-01-03
27,27,Barbarag.27@example.com,adac51ada749e9ee1f1ce72441cb64e9ec869e8d5064786ff1086c0d0733cb77,2025-01-11
28,28,Fredf.28@example.com,5f6d19fdb1a5b86776eca3f874427f5ae1ed03e724e9b92b55d0931a093ac617,2025-01-03
29,29,Haroldc.29@example.com,9932178633ee0cfed98f072167a04bfccbb2cef3fa74c0916c45fdf5b9cda804,2025-01-03
30,30,Andreaw.30@example.com,1be1dc2827e4db1f805483d8e416bffa7bb7448138d0100d620b8ace130ab928,2025-01-05
31,31,Billyh.31@example.com,1fbbd1d0a5f54eafe107435e798c6e330c40faa77dcf4135e726d3bdc570a130,2025-01-03
32,32,,42c407696d74e75e29d7d8de27c5383e271851af31ffb29ef09a1ac5251063ac,2025-01-03
33,33,Elizabethn.33@example.com,121439916ce3ae10345628aeb0bf25bde67e2e0ab486b12bc4a7066449fe39f0,2025-01-05
34,34,Judyc.34@example.com,fdb88da51d408e179bf166c34751e8f0e211770f8471eab67d7c0d791ad60fbc,2025-01-04
35,35,Adamb.35@example.com,6fa7e37c94273cb0e73231a17f83b6be4393350c83305716bc053fdbbeab7da2,2025-01-10
36,36,Thomasr.36@example.com,a47d88952cdd399241b41ebf7471b3f41d50fec9969995cada563d2776eda551,2025-01-03
37,37,Kathleena.37@example.com,47220e3db76314f5234d8a9ae22a14267277712c6752ffeb2b34b62da856e54f,2025-01-03
38,38,Phillipg.38@example.com,ea5558ced64355b5181bdb2d101f784b4332faa6ff7542eae8318f944cf9dfa6,2025-01-03
39,39,Frankm.39@example.com,a61c84aa6b0900581ef55b3ef9ff39c464c86de3bfd1522756f761ce7223b077,2025-01-04
40,40,Mildredt.40@example.com,1c9e776452ea4a0e788eb4604f7e3f0b479f73a4ce1c2723da2f5ebd660f91b4,2025-01-05
41,41,,931186eabb39b9cd84c03fa6b364a0a23d26feaec1c9a3f08fbb52dfe1df44e1,2025-01-03
42,42,Phillipp.42@example.com,09c4eb8743340839b05c3d9887645a71d9df7a5066a7c883eae7d1f0a02bc12b,2025-01-03
43,43,Arthurf.43@example.com,f03dd251878cfa73498e0596e38798898886127fc00340ea1fadf0f21653b3e0,2025-01-07
44,44,Arthurs.44@example.com,90ae907c603bc9d2ed59148ca2039a0ecc38b0ed3a0b8b97f511557fe9b1f66d,2025-01-03
45,45,Louises.45@example.com,4bc15266d62991812e446c4e126c1f2cf8b92c53dc320c9d73cbfa2110cf3241,2025-01-03
46,46,Margaretj.46@example.com,ea1a62072522f08e3561c16427d704188a0ac012a059703887bfcd675881fb54,2025-01-03
47,47,Nicolep.47@example.com,a276f5f341b748d286c8c0cac14e6481d6a5aa30773840695d36e6fed9a2b6de,2025-01-04
48,48,Teresah.48@example.com,0e5d95ec7829843c30cd36507095b539685192493a474f8dfd406476e8e79b51,2025-01-04
49,49,Brendao.49@example.com,1f1092c1911a2ca741d28083e311db6ebd7837356b3d703b0746b760478476e7,2025-01-03
50,50,Billyp.50@example.com,528e82bb3165f67f1d8c6691061bc24afb40681080aaf285739c197b7f68d632,2025-01-06
51,51,,fcaca82c3686c354031164f0019abf3fb9e203659535d99ededfd922e679ba98,2025-01-11
52,52,Annaa.52@example.com,d2c23f8b13287aedb70e86b3e6491c99a325947af3a57b9774b01c42dfc20620,2025-01-07
53,53,Timothyn.53@example.com,ee5ac872b688e945c3a814297e593a291d44cf9740e792238e5d2312cf04f1bf,2025-01-04
54,54,Jeanr.54@example.com,26febbac91f82b93a1fbd625ff31017c2c03f5d4d3c49fde1fa12354c757a4e8,2025-01-08
55,55,Gregoryh.55@example.com,d40080361a1e3098e6d7c50fb002b263400391f9c4d996846afcab17814a14ce,2025-01-03
56,56,Martink.56@example.com,a0dfb46f91adc3ecac4e73781eb230889ef6c8f98097188a4ff37b7bc6d44e66,2025-01-03
57,57,Lilliann.57@example.com,60d2ab21c30a8158ab24ba38fce7e56a8af3d9105868d8acf4611565dec1f760,2025-01-11
58,58,Nicholasb.58@example.com,e18c4b3434bf4a85ab02809e4a44cdfc469d815f31175a3edaedd6f416df0bae,2025-01-03
59,59,Nicolet.59@example.com,6647565ff0ea032a9074244893a0171209b0caa17b00acac059bfd52eff2b470,2025-01-04
60,60,Frankk.60@example.com,972b0c7deaeb26f3a5072f75e48d43b616280d4c93b156f509201a5d9e75edd8,2025-01-03
61,61,Margaretc.61@example.com,a3aa2b0e53ba88125ab8f5fb3ce31c4552686c58374833b4b7c0354d226d3558,2025-01-05
62,62,Michaelp.62@example.com,12d345bd57c602844e2064d650318add37f0d62659adc73b05e0cd811fdd8ea8,2025-01-07
63,63,Jacquelineo.63@example.com,107cbd3679aba975a214d2fa3ed6fe26475a17fa7d73f4c2cdba6d1e11f0b40e,2025-01-03
64,64,Paulk.64@example.com,72c22f3e6fadc1552afecdad6998aed2347083b55153430e44e84393443fdd09,2025-01-05
65,65,Marye.65@example.com,c7e07b9ee49a739eeddf594cb14a266c3048fe656b4ce99547456f92305cd068,2025-01-04
66,66,Annan.66@example.com,f2d11995245b7a5dea5d4c9f49730c9e204e7bfdf1b4512ece4518a4efe0e82f,2025-01-04
67,67,Geraldf.67@example.com,77f149f4fe519fe0d5c78bfacc0a2b81569b088fb406a06009720641b34ac24e,2025-01-03
68,68,Mariat.68@example.com,2c610745489661d8f3cdd9d8f090eea3b9c069c14f944445f96270781070bae0,2025-01-07
69,69,Jessef.69@example.com,032818a519f5b81db33a1c013b9aa00cb6fbb78e13159132cd5ee787ed993892,2025-01-10
70,70,Toddf.70@example.com,516dd7a3108e7a4c48024f5d875cdfa10ea0ab3b395cab207b26ccec47db681c,2025-01-03
71,71,Andreae.71@example.com,24b942b25bb14448386cec76112f6c77f2945a8ae6a1ee292f3e783737b80e89,2025-01-03
72,72,Benjamina.72@example.com,71a5d28c72fb77b3cc6f1f6f3f360b5ef0ef1452a1b603be5ec2eae399f9d917,2025-01-10
73,73,Elizabetho.73@example.com,05218622ef96150889efe03f79200726beb636fc60e50a6c1332d98eb4e622dc,2025-01-04
74,74,Glorial.74@example.com,fd2dffb9c2fa477ebf41a9c5c255fe309e52b160a706b1b01f0cc2263a4684cc,2025-01-03
75,75,Marting.75@example.com,d3db37915dfc080f55a5d4f5877702924872586ee8071334839abb26256c67eb,2025-01-03
76,76,Arthurn.76@example.com,ce61fffc6c3705a13b9704bc459572c4297f3571567952932034bf56e5be31fc,2025-01-04
77,77,Kathleenh.77@example.com,5e60c870b7b962fefc606ed3fb66d9b6ddae16cb38662115d2c32a2f395f79df,2025-01-04
78,78,Benjamind.78@example.com,c22b97971cc039a044b7378a1293dbc86c6cb2027f02cfdcda225d98c127fe5b,2025-01-04
79,79,Victorj.79@example.com,abe4eee4fa6e0f1a41f22fcc970262ae2fcd9e2e186cbc14d62a6bf9aa07d267,2025-01-09
80,80,Billys.80@example.com,db6ac1f2b1eade1a2533a18db4bcb5afdd0e56559355c91ac7a476564ef277df,2025-01-04
81,81,Normar.81@example.com,eaea6af5a341d3c26362552a7afa66b47bc8b5859e5d686ed13539eb26b918dc,2025-01-06
82,82,Saraha.82@example.com,bcdaa7fd18c5e0452db82476033c05dcc0b1fa3fd16a8507022da85c000c873f,2025-01-03
83,83,Laurab.83@example.com,8828a8813aa17f7da9755172d291d0915cfa39a90254c2294ac90f161da2a0aa,2025-01-05
84,84,Phillipb.84@example.com,02eb9cd6468ee6d2ad80ae1a8cd2b8be0e0b7a62945605eaf6ed192e0c8ac005,2025-01-03
85,85,Elizabethe.85@example.com,4f3bd79d2dab63db9874635ea5c7777fb5d0651bf15ee215d634a985e154dcec,2025-01-03
86,86,,e5a095474cc4dba97cdc8508d0a033d50fb8be191f658ed301df107111656400,2025-01-10
87,87,Jimmyl.87@example.com,2b8932299de424ff1a74cf5c6724538af9474c641ed8ea962ee844aa9d00e522,2025-01-04
88,88,Marief.88@example.com,8b88aad0550851dcf9c1a1df78b1eea251b699a1b7c48162d3e258b0e4e53a40,2025-01-04
89,89,Franke.89@example.com,ddb1d0ccb91add6782bee6de7dc50cfc744eaed2ce1d4ca9179c35ab2c2695a5,2025-01-04
90,90,Kathrynh.90@example.com,3d1f333be2132f899e78dcd1cb4bae4c24761a22077d9c7ce2bf6f26e87b1406,2025-01-05
91,91,Janete.91@example.com,df64ae9dfcdc833837b4e2475f585c70816ee833d47de0bba20b022a0660e30d,2025-01-11
92,92,Jenniferj.92@example.com,eafba29750a687b8cca5d91e347faa388b8c29088fa6da482345ea207f1c7376,2025-01-07
93,93,Edwardc.93@example.com,fc21763d7b96f7eb870154f4fba1c8f93ebd115fbba5ef9de1d92c0c655e4cc9,2025-01-03
94,94,Edwardk.94@example.com,b79a8a3b0257a3ec4346f3896d08e82fce5092f9e109525be623f418567f6bca,2025-01-03
95,95,Sarag.95@example.com,db145511ceeccc4b235ce53d91ec9b3d56b99971f2f3f622485a0c1b0f4bdf6b,2025-01-05
96,96,Annab.96@example.com,baa85a5e19e9b6862866b8a966641949b7d6192ae5793749b01584f4096d133d,2025-01-03
97,97,Janetl.97@example.com,f4279d52d7e9db1655f5501ff0c0fe540bfb9200f190417a6f6b37ffedd5f77b,2025-01-04
98,98,,de090c82cf33259773fa18931aef2014de7f4aa10042999e87bfd60a0d042502,2025-01-03
99,99,Amye.99@example.com,4ab32419673c4dc37ea6b3390b5b496ce9f06dffda768341116f38b8d3f5cc22,2025-01-04
100,100,Elizabethw.100@example.com,8e66e9c77814f57e42be464e9481cf44719f7e6ed248b5d7553acd025a5264b1,2025-01-03
101,101,Christinad.101@example.com,0b15b2d02a3a179214505d9db0be758a551cf5374559836f7426027bd8a042f4,2025-01-03
102,102,Janetm.102@example.com,29bd04f5443d38354bc1f7af348c31610ba9173a1b476fa4ef9f6f64e797b9f7,2025-01-03
103,103,Virginiac.103@example.com,2bcdc7acbfde3d5e99f0edaf2631c12c1e0242b8c05bdcad9e56778ee9bb9451,2025-01-06
104,104,Kathleenn.104@example.com,695f0c1998dd9476800980922178286035e5e121a8cc3a89e46666db48892986,2025-01-04
105,105,Jackf.105@example.com,3c0142af2ac4a88a2108205c984cdd820c2b50f80b83c9e2163b2c1aa6958f72,2025-01-05
106,106,Edwardk.106@example.com,eaba31efd0fb02efaeea5bccdbdf4704d85c619b324b67f660f2cfaff6f72cfb,2025-01-03
107,107,Jimmyn.107@example.com,68c6506b210c90e8c1835320cafe667cea7f3777e6510d45ff634347483716cc,2025-01-04
108,108,Janetf.108@example.com,e555cce9ca7e56aaa08b2c53ae3a4137e379b7d8a1d0a18ba3ac577cd3639791,2025-01-04
109,109,Joshuag.109@example.com,c2b91fbbbef4ad3b5488e6311013f84145c57be2ec6f634cc5e6e504ef4d3769,2025-01-03
110,110,Saram.110@example.com,d7ec48df2d0806abf829ba673990f5f42ea6c0bffbfbd8e29c65d50e8d08cc51,2025-01-03
111,111,Harryc.111@example.com,ba700f4431927657b1e5235e63a99f680b9eef2b6af908af116789f82afeac00,2025-01-05
112,112,Sarac.112@example.com,18b19ba6a0c7bc25cae301be1251326c30c3052cd7159e68e0079f2ba3534a69,2025-01-03
113,113,Dianae.113@example.com,115438a903c05a8f7828f5ef84da7539117263e7d645df5b8ec446fa29058e42,2025-01-07
114,114,Haroldg.114@example.com,f87e3e586b4ba443aa079e4941fff42fbeb9897cd5cea7922da20142e6a66b5b,2025-01-04
115,115,Frankb.115@example.com,a9b3ededb26995b16c745e495d45eb062c347409ece0364b4d8855a72cf2bb8b,2025-01-04
116,116,Janetp.116@example.com,f58cfbcb8ea6122fd1e28d8bd47378d6f1e8c26149b908acf806ae8868fd7f74,2025-01-06
117,117,Brendar.117@example.com,faafc39ced4651bf24d8c0a1c95dacfb8d6a0c924854e10720cd1ed4f9e6e7bf,2025-01-03
118,118,Scottg.118@example.com,d1a80e2bc859ef7df80ac49178727d759fe934fbdb4a0bb29f8de0de2eae897a,2025-01-06
119,119,Elizabethd.119@example.com,b8f5d1ef29b445d0e23b16deec2b6306b3266550750e88e243508f58d3df764e,2025-01-03
120,120,Andreaf.120@example.com,07f4cc930d806346a5d95f317d8e840b5fef1b639dc37279f25df6d677710bb4,2025-01-15
121,121,Virginias.121@example.com,568e644ff607fa5b71f69d1e715795aee6c78f9f2e497f20047444426b436f31,2025-01-03
122,122,Shirleyh.122@example.com,7869f1c772c6168a3ad1a48fbbe0abeeb5e141936bb657ba94f3c05ecd85c661,2025-01-07
123,123,Andreab.123@example.com,22a30803f4235aef6da6faf68f61b15423b99a8f01cd5721974313cb21ae5859,2025-01-04
124,124,Saran.124@example.com,8e3e532ffb41817bb2f0a6388d7ca776206deeae9677e539f6adf367292b2491,2025-01-04
125,125,Jeanm.125@example.com,217f5f78bce803790ec13e0488553ef4e47ea038e81323e4a2b7c1f0787cfc64,2025-01-06
126,126,Victorn.126@example.com,fc01251b9836080d8bc6f081dd85122574dea9e426905d134e6bf29dbd405d5b,2025-01-07
127,127,Fredl.127@example.com,ceec73a3b5bd519075c58a49c101b6d3a390e968104e535deaefea5bf783beca,2025-01-04
128,128,Williek.128@example.com,1a78c9c83b476f9f0ae0ce5d97a31fd654c9b10683db2fc46e3b1fbfe38c8f41,2025-01-04
129,129,Katherinen.129@example.com,3790824600ab7a65dd0d4f37625c2a2bbb8a867a7295230c542fe75e045f7a87,2025-01-10
130,130,Dianaj.130@example.com,654ebe8d29de91a16bcfa9211e98e7c9e5154c1b3a17ffea46680aa8bc77d61e,2025-01-03
131,131,Aaronp.131@example.com,59d0f5d2d4546c4af42dc70d153a9a1c72872a47ea32731fde3ddd2529745112,2025-01-05
132,132,Jessej.132@example.com,2585ea3a309e1d308b518e7cd3c54c647c3a5db2d444f3355f02921b54584a0e,2025-01-03
133,133,Christinam.133@example.com,6b8f627897b7cc94de7f2cf3e13482a60f85dd939698caef337ee729be73d2f7,2025-01-05
134,134,Haroldb.134@example.com,b5ecd64147e0957442c93ab0068aeca89e4ba231cceaefc85aa9539874097736,2025-01-08
135,135,Maryj.135@example.com,f04dc977191213a14baf1f37268a9baa6dfaee8eec60f69598ca8f97fb6a45f5,2025-01-04
136,136,Margaretp.136@example.com,a6b22487bb913702e3679fffde4c1b35141fadaf3a78488ff509283dfc71ce4a,2025-01-04
137,137,Nicolec.137@example.com,3b0644eb0087de3a76a668a2ade27715e58e3eb44a58d82444790816c3f9aee0,2025-01-06
138,138,Louisen.138@example.com,ca0c73b21b3183a394895c44f40a93df6fb0a9ab870f86f89f5ea1f79439014d,2025-01-04
139,139,Benjaminj.139@example.com,8e9133899daedb87e5f01c1083d39344ecc79ee7f9b3ccef65da9698f9cc324a,2025-01-03
140,140,Shawna.140@example.com,ec1062a62631dbdd757cc58e2315b5443be93b4a3418c3bfcd1d790cd43a7540,2025-01-05
141,141,Normad.141@example.com,5c8d87eb975e1f5ff9bc35ac4212af097938d5baeb0130ca3726b238329db074,2025-01-06
142,142,Gregoryk.142@example.com,51f6e7d3a8960ed9af3dc42fe652d45860cb8b3e86622396d21750abe613b6ba,2025-01-03
143,143,Rosek.143@example.com,c4e5fd7335a01fa42a842c150c6dcfe32cff9d517d67a7ae608ff31c266a4ad2,2025-01-07
144,144,Lisae.144@example.com,848fa93e2c0c632aca07ceeadcb539550ad91091cc1535aaef46470ba0e8fc5f,2025-01-06
145,145,Jennifero.145@example.com,b4efb734085ed9d9b34ec96292bea910e1fdaf186f930ec799e1b02eb4c7977a,2025-01-03
146,146,Joshuam.146@example.com,1c5b53271b6d3ae8bba597c4116827763bbaef4d31e4bcd51d0f5d01e68147c6,2025-01-03
147,147,Seanp.147@example.com,6cc013f375996f28b50c94134861a0d44ab3e673f852ad972330b761dbce6610,2025-01-05
148,148,Thomasg.148@example.com,e5428b610bb5cebac2a20841ca4bc29a8b2bc090eb27cada0aef9cd487734162,2025-01-03
149,149,,ff4de2444ab160d1664435499248306996ab9bdf86af75ec57005eb0451f3d3b,2025-01-08
150,150,Laurao.150@example.com,9e795920b49d3a881790f99c3713bfb90594f8c2117ea890726d27a9e1a3234f,2025-01-07
151,151,Seanp.151@example.com,009917e4890703612308cfee71eaf1c04f0ff7e2e749ae6d082c0a30cbec85af,2025-01-07
152,152,Gloriao.152@example.com,39a79ee667360dc188e1ceb1a95a68a07d191c01bbb86c5cb5b12cd8919b1245,2025-01-06
153,153,Nicholase.153@example.com,d63bcdc6b492a956c59f07d9fb837bdf28a7d236a60130850bb970b83147d72e,2025-01-03
154,154,Thomask.154@example.com,973664dcf94209e1a1da53d16a0d13605487b793c1dd5a06bf04b679a3f4cb62,2025-01-04
155,155,Dianaw.155@example.com,3596d9703c2ccf186fe9777a70decc144be413543c46cc2adce845045fa05039,2025-01-04
156,156,Adamf.156@example.com,aec217b76339400d26508121d3d0098fa5d77eb18cb0a224a028d10a3f94c5f6,2025-01-07
157,157,Kathleenh.157@example.com,a6f74a8a3741a58c88cbdfdcbe892b50e16a62e5a7d4a46a5281c6658fd7cd3f,2025-01-06
158,158,Johnnyl.158@example.com,40c1e937068452be4c437dc9759bb1d53e0b380e342034ff675a700e605ab39a,2025-01-04
159,159,Dianac.159@example.com,5c5e26ff020cf686fd5259c8a0d5f3d66d4e308b83384333a9ac8568d85bfe76,2025-01-05
160,160,Barbarar.160@example.com,1cb595297a0153fd9078b719f9854cf6e03f3280d79dd1fa052afa386c2bc58a,2025-01-04
161,161,Adamg.161@example.com,b45c0e970b35212fdbb447658c614a4cdf78c6a83466d8d33b97a46f8a170adb,2025-01-12
162,162,Timothyc.162@example.com,8411966bd9ea9d53623fa80a492e521209e2f01f672252f881d671e692d48040,2025-01-06
163,163,Janetr.163@example.com,448dda6262a674c4f714747a548bc0ba014a6b17b14b3f8be4030d0f231bf996,2025-01-06
164,164,Martinf.164@example.com,8197f49ce1a83d7c402eff8a1c68d70ef0ae4230d39d7d960babbaa9b860118b,2025-01-04
165,165,Dianad.165@example.com,9a61b7f92c84b7683e2989d89fe4ea2f1a4d1a58a96206420f7cfa6d0830f472,2025-01-03
166,166,Henrym.166@example.com,43509d35ac885b8db71631f3c0f91287ae8cd445db7ebc914cb5dbe51ed3ef1a,2025-01-08
167,167,Stevep.167@example.com,d8cdc61ed22a9f85d4be13ab6f8679942110be2a04bffb08a22b7d20eb166652,2025-01-03
168,168,Jackj.168@example.com,27ccb018ab9b25d16fcb7c725eede9a746a18c2e83ee9d4a02ec73494243ee7c,2025-01-03
169,169,Louiseg.169@example.com,48a856962002c6077832c7ef13937ccf840d2e91c4a11499e6b326874a8fbacf,2025-01-07
170,170,Shawnd.170@example.com,8e89aefde210f9a30e1e97c801e37f0356f2ba32e7a7aec36d6c9005c7583528,2025-01-05
171,171,Kathrynd.171@example.com,5b477c2ebf96945de8a224f33bbe9a72248f689608d9eb410eb7f51ab15f5b50,2025-01-05
172,172,,e45494bb84a748dede96304cbfd846e9be78d8dec533608c8b2b19fa11ba111e,2025-01-03
173,173,Louisea.173@example.com,5b53042eaf4330c906ca5969d06b20e484f34ef525af6817f3890b1c8af88ddf,2025-01-03
174,174,Kathleeno.174@example.com,0c2d297b08583f3c3e0be16ee4c042cb9eeb9138e426af7ce6dacfa3b893a3b2,2025-01-11
175,175,Lisah.175@example.com,6c7640a4031e62ecd32f00f752ee05e5a6cc924ba64e29948e610f0e0f033612,2025-01-05
176,176,,d63b4ec0782cb4ca83f60d9bbb99231e36e94d6664894a54b40c2b6f5343adcd,2025-01-03
177,177,Kimberlyl.177@example.com,8cea09a94bf4762aba92c90e4f25dbeae846a2af9efe0800013077c57f88532a,2025-01-06
178,178,Edwardr.178@example.com,2ac96d1686a72e15fb1f20de53e2621fb08077cc77370a9c9e6746a5294a0325,2025-01-05
179,179,Paulf.179@example.com,5dffeb5e705b95cad905aa83ebc73bf56c8c7b07364d69407c6499e343ec4ba6,2025-01-05
180,180,Annag.180@example.com,2ebfd65ec2474aa5358f440318a0681cbf848382d9547d1c50b52a97ba21dedd,2025-01-04
181,181,Maryl.181@example.com,7b9f925fa54c10a656215d75fb21667b1259a0e80cc9d1446737aec4d9e63bcf,2025-01-05
182,182,Billyr.182@example.com,6ad2fd46e1db7dceb98e4f0484a2cc1fe4aaeaa98c2cad93815dc9cab712dddf,2025-01-05
183,183,Shirleyt.183@example.com,ac2a34f8ab70da1434651ec693aa98794d5292ce5bac78c2f34b700386f83aae,2025-01-04
184,184,Benjaminh.184@example.com,32db2bdf67e075d7efe568bc966022e0f40bf47ef2e955b7b00c764ce2fa41b7,2025-01-03
185,185,Francesj.185@example.com,9d426bb93084409deb92a2d9637e29929ef95302023a75bebb0194ea266cfae1,2025-01-05
186,186,Mariad.186@example.com,cd2aa1272f3935b9beb3c88572faad4bbc1f98b8446cb5ba9a5f996bb8a8fcae,2025-01-05
187,187,Amym.187@example.com,9a9f70898552a457701f61c27496fa8aff314969a04eb52b80321bca10ed2103,2025-01-03
188,188,Lilliant.188@example.com,d768dfaefb3283d869aaede6b594c16c09979f009c0a63e31dc3b3f2fbc1860f,2025-01-03
189,189,Jasonn.189@example.com,d1a76be32ba7a5120a557594de4ec99ec123a4fd65e153523bd1c9d11e03c937,2025-01-04
190,190,Steved.190@example.com,834fb7134792a544d3c40c56f6ee396bdb3509d397806fc70bff7d606fd4965c,2025-01-04
191,191,Arthurn.191@example.com,de446766c109b119a6dd1f11cca87dc78e63d5c6a2a9dd6816a509df715b4f12,2025-01-03
192,192,Amyk.192@example.com,f0642eef9eab1f97a1ebc5264a021bfe221d2c3c6c15be9312af9f783b27d263,2025-01-05
193,193,,613eede1808ce5883c62117f6d1136309050b6f7765875677c0bea7b6b978ce6,2025-01-06
194,194,Martinn.194@example.com,0be3ca6d7f6c2899b2408e76dcd867502abd4a3ab9e015301d887cd70bdc45d8,2025-01-03
195,195,Barbaram.195@example.com,dc413a3482ffea4ca462d055dc89f0a3fe1979564fd7da78e8c6a74024712df8,2025-01-04
196,196,Victorg.196@example.com,2edeff05bb421750c45fc1d70ade316bc78dc860910388c9aa715a217f76e676,2025-01-03
197,197,Kathleena.197@example.com,4fd9e0297a3c3c2624f28bfa52d9a8bc9246d79de1f6a60e595d6817ed44cde2,2025-01-04
198,198,Laurag.198@example.com,29759b43c69faaf688ffd700ea3ece16b57de24431b8f439941fc807ac362f00,2025-01-07
199,199,Paulj.199@example.com,dca4f46be8687967d515ef9e8325d142ba4173e794847375c192123f69734ee6,2025-01-03
200,200,Andreac.200@example.com,ecfa1d37fd14faa926e4999b83613bf83fe1837aff35770279143abfae8b301e,2025-01-03
201,201,Sarahm.201@example.com,81a255f2409545e4ec2c14ae20d7cf7361d08c803e15d8378a98f4e5862d63a9,2025-01-03
202,202,Arthurn.202@example.com,5290826aeff52671c707cc037443f6a9e8671439f7eb13c1dc412f002551486f,2025-01-03
203,203,Amyb.203@example.com,44cb7d647e6443edadbf5a1abc3e2091e7969ede678edb088e1d7baec71bbaa7,2025-01-08
204,204,Janetm.204@example.com,feeabea8a5d704df2e3d5c3e1a1b78dac098066cb50994bb82c8ed55675ae6d5,2025-01-06
205,205,Francesc.205@example.com,eff61e47062c9f9b199adbfbb88493b0c6d5ed1718c5507969e9e71bdfe86b48,2025-01-03
206,206,Fredl.206@example.com,3b082c190160827538b07c8a22500cfad1aa8428d83202ea5e068049fa8053f2,2025-01-03
207,207,Kathleent.207@example.com,facebcd7232d5a8a4f418aad9a5ef4cdec877294faa78127a59667966ad38e66,2025-01-03
208,208,Kathleenr.208@example.com,52332f066e36e7f55abaff80e09a469055e9e8b047f6aac5a2f091b5d6a23274,2025-01-05
209,209,Saran.209@example.com,969e7300bcc1f51c4629c12e086d17114e574eab1989df5d2c66b90397b43471,2025-01-04
210,210,Benjaming.210@example.com,627e17165d8ed646c5aab5099d993c898b96e4878e075027a906ad4ccd91c02e,2025-01-05
211,211,Rosef.211@example.com,ca190d134783fdf6a68439bbdc1496b324cbc6195012490abd638c9ff15d7e42,2025-01-03
212,212,Katherinej.212@example.com,75e165a9f6b1b125566962f04b95ac7ab0f03bf6f670c647d8bac9c48f2b5220,2025-01-06
213,213,Christinao.213@example.com,51b58aa01adfebf4d236ebc44d2682515f47df7bbb1a3c47194cee1db7f73baf,2025-01-04
214,214,Fredb.214@example.com,3f671fc8b55d8de8edff05289020fe12b53d0fc1c0517cf42eca3450d9c319ad,2025-01-04
215,215,Henryf.215@example.com,e9f2ba5a181051dde484e9eb4f50874204fc7836b8505b5bae7dcb85bd35becd,2025-01-03
216,216,Aaronl.216@example.com,87d26f22c8b78a500f19eaf4559111288e0fc01b5b5d6bb6f03930620429a900,2025-01-03
217,217,Benjamint.217@example.com,2ae74a2a8490c8a7b1a340bc9f04d3583688faaee904a1a2054fddca35cb18f5,2025-01-08
218,218,Annaj.218@example.com,9dd4ee350b3d51a3c54c1eedda215367d6df4b0b982e8501210a230351b4b5e2,2025-01-03
219,219,Johnnyj.219@example.com,8f4476691743e739f0ff1bc10137de10844fbf2c3a861ca384aec5e1c2cda24e,2025-01-14
220,220,Judyr.220@example.com,6834c359c0de3b12a6916624676e82de91af5c909433b4ec413ea413fef87407,2025-01-04
221,221,Nicholast.221@example.com,d367883688549b48bf96c90abf85b32752d06f1cb2f592e6291d6aeaca766b87,2025-01-11
222,222,,cb9861cde017032ede9b02eab550d13b4b71eb7ae2715110290b828f659d4bd2,2025-01-03
223,223,Timothyk.223@example.com,bf21c157a383a39fffbc4e1b2784f4581bdcf0a7b30544e5b0f96e78a97c888b,2025-01-04
224,224,Frankj.224@example.com,3d3cfb186733ae0a8c1d3574f1f0fe8912ed68ce268c4c417bfa21f27fe06fd3,2025-01-03
225,225,,8205fbbd74a678803a6de76206c9e64fbefaa29bec6bd1b0c355a6815d5de963,2025-01-04
226,226,Jeanl.226@example.com,239913f2fed4f360e683953205a3208db533f08de62a2a9bb1e83704c01c56db,2025-01-08
227,227,Louisel.227@example.com,733cfebec383283c697916d5b13314f8bdc66137fac12de6242da167a0763a23,2025-01-03
228,228,Michaelt.228@example.com,f910c9958d4c5e61621be91149e80cbcbf743ee1db2f60cf2b3433c367600232,2025-01-03
229,229,Teresal.229@example.com,08501212dd342ef2e50589cda6f05e5a116af5b277ec4be7ec5c25095e28638f,2025-01-08
230,230,Margaretm.230@example.com,e62124b08494f98633044ccf2d1b5ccdb4fae60dccaa678e510ec0b6f40cf395,2025-01-04
231,231,Henryn.231@example.com,6efdce0ccd466db3dac63a9d197753bdcd03776f03483b6b976250e4bc46e0d6,2025-01-06
232,232,Mildredn.232@example.com,44b6c135a7ec2cbcb5e30b227edff3468763c07e1c8aa7ac46fb542b52bf27b8,2025-01-03
233,233,Geraldt.233@example.com,15e763571017438bb54a1c53fa222fb3d3e979b1f1b91ac39e5071ec24c56dfa,2025-01-04
234,234,Billya.234@example.com,9ff9657276eb8625e8bf90b2fcc0cbddef6fd1d6e997b56db4ea601dc154ab88,2025-01-06
235,235,Jacka.235@example.com,fbd782e01814c6d3e4a9589935d900e076d6a46d861ba2a264c24f8546ff5f38,2025-01-04
236,236,Judya.236@example.com,df84a2efc7bf54f9d64127218282c682ac1316d0684e4b3a750a419c280d3646,2025-01-07
237,237,Jasono.237@example.com,66552c19a014ea1e3a15173c4bc4cabd2f6485858427727d506a916cefe5c6a9,2025-01-07
238,238,Paula.238@example.com,4a2d73f110453c285e41ff31bfdf8c3ef8fc0f9b6ac6360c3706236a19906328,2025-01-03
239,239,Teresao.239@example.com,2eeee67f90e990e8a1d85dc13c6ef67636d857789e220ba2a1aa82677f37eac5,2025-01-05
240,240,Henryl.240@example.com,b05c6c58c032b0a2ff670e6e8c9fe1a16989fc3935a0686ba9be8698c22e48e6,2025-01-05
241,241,Helenc.241@example.com,7ad7da7cac1d313c87d3842dffd7b951e85be41ff0cd06d202c9c5a4dc60db2e,2025-01-05
242,242,Mildredr.242@example.com,eee4d45acefad6d340e9e8cedcf2567b0a3ba943105c965398c19d1ad913bfe6,2025-01-10
243,243,Jenniferj.243@example.com,52bfdf3feb7c2819746e709e0033ca7cb37776412c1bc13d3a605d2c8bbd58e0,2025-01-03
244,244,Billyp.244@example.com,3b7dbd6991eb35f516d3d63f113a1b1a2602ef290ff89e3ed56fdbfefa8c35bb,2025-01-09
245,245,Mildredg.245@example.com,7096f4c366d9bdff9160a7af85fc5eb70186687308dc52106cdac316cbce0a4a,2025-01-06
246,246,Virginiaj.246@example.com,ec72e028e564643caa14519223e1522649742e1c05244360283b497bc81f48f7,2025-01-05
247,247,Johnnyr.247@example.com,3d0812fc1580bf807ed75d7c2ab4a55037d0bd27ef1d8762e5fd8f07db3f35e7,2025-01-07
248,248,Joshuap.248@example.com,cb5e2fdfef51f4898344c9fef0309f7e3ed9d7a5ff27305123eb0788a7f0b2c6,2025-01-05
249,249,Gloriae.249@example.com,906fb7815af63870bf5cd874f33211224daa77581f77f5d4f07382892d87a15d,2025-01-04
250,250,Benjaming.250@example.com,2eaff722b8efda79622cba1f36a399f25526281ec450bdecc723db9fbbbb0016,2025-01-03
251,251,Jennifert.251@example.com,464a4c3fec1888946588b7c98d9d8bae43ad22ec833972d6b4c35dbee57e07b4,2025-01-04
252,252,Janee.252@example.com,262f65ee89d0da098688a8bd3e555b29b3d51a38e9f0b6c959982929acfa6598,2025-01-04
253,253,Margaretj.253@example.com,d428445a8d8b006e1d42342df0b5a60b14b7dc741a144dbb98257b0060fbe54d,2025-01-03
254,254,Seang.254@example.com,0902d214dd4a81524c909209d38ffdf60a6399e21f0d55667a78819050d41599,2025-01-07
255,255,Jeanf.255@example.com,e5d7ae2d1705d327f8ea950fc9df8ff4eb3f5347d1a558ba45610e8f783979d1,2025-01-07
256,256,Rosem.256@example.com,0fb1fe32b03eb71cd35cf64d54dcddb210991cb04bf08dcecc76f47de87e4c22,2025-01-06
257,257,Virginiar.257@example.com,ffc47c2c561e3edc6d578871452a365afde2fe7512610a63d431f6fc97ce106b,2025-01-04
258,258,Johnnyp.258@example.com,8ed010501941c572550eb7db12aa1d5a1418d4f5437b0f88f6018c5307fa07f8,2025-01-11
259,259,Harryl.259@example.com,f390a6e277e15f757cd1ef17aca212918213a1a9e91f859f1f1eb5d6ece9c303,2025-01-03
260,260,Laurac.260@example.com,a889c13d9eec8b922cf3c3520c210b6fb88c2c3967139985c6623250e4473dfb,2025-01-05
261,261,,08e0a76d7e004879547320945c0373fd50163dca120c5eba7e26acd8aa926388,2025-01-03
262,262,Sarahp.262@example.com,d94a6f75b8283f5c43fa9b71ca6d800b6ff9f9a085f68f46e983e46386864b8c,2025-01-04
263,263,Annee.263@example.com,3e87eac3bee9fd64d2f530910772215c6cfe629953a6453e8ae517dd3beff476,2025-01-06
264,264,Annam.264@example.com,5e66727ea0c60370bcc53fe000e7543084256dd0126ef540a42f7a6af4cc930f,2025-01-06
265,265,Geralda.265@example.com,cc9e693950009c3b06c55dc5788a6531610a0edf0b8edd001ffaf311b5512e29,2025-01-03
266,266,Todds.266@example.com,3c184418f7adbf0500bd6962f6880ffbd2ed657c20b92135ae50a409d39e04b3,2025-01-13
267,267,Haroldt.267@example.com,38804e151a462f8d1d174e63512c3e91977aa48aceb51d181229ed93ba997520,2025-01-04
268,268,Shawns.268@example.com,4b25985de09d140c678b3682e9b3c3281daacb1dbace5472fc59b1b2a6f10acb,2025-01-03
269,269,Sarahw.269@example.com,3f3f860091faf5b77f4130dcced9a611c03f4af28b54c8816791f829ae47ccd5,2025-01-03
270,270,Gregorya.270@example.com,c3ae709c1562eb1141639ec20732b6b8b9527713deed599f6f285e55f61a0ebb,2025-01-03
271,271,Kimberlyw.271@example.com,64287e9891c33ce00e2e2278e0c21f5571d01088a74981b729300eb9dbc84a8d,2025-01-05
272,272,Lillianh.272@example.com,b46316645a1dbea880a2e0756ffcb0ebc7cd41e16ba9d17fb28af70d9dcf1725,2025-01-04
273,273,Jasonf.273@example.com,21ab3484b253ca9f289157315dae8c6a34b10d90d9088caeba65b4523a4acbde,2025-01-04
274,274,Geraldo.274@example.com,735c0b03a58bd913b63f3d9d34ef5d667a16fe13faf49f43450ce74104849287,2025-01-04
275,275,Andreaw.275@example.com,ac6a98d333f6324f582d2ad6acc44e6827b22800c70749db0a3f811dbc2b4c1f,2025-01-03
276,276,Phillipj.276@example.com,665414c558be04667515eba298818637b9c8e1d93e7d597d7b290f63f1042e0c,2025-01-08
277,277,Andream.277@example.com,e10f395363a708564f5e2ac26fef49d1b1ece1597cb55b3884bea4bdccb77bca,2025-01-04
278,278,Phillipa.278@example.com,2feb8ed900e7310aa485de5af40352377d9a953e2c4a3682e1511f809eff1ba9,2025-01-05
279,279,Virginiat.279@example.com,cab0318bf69a125636654311ad77e9536a39ce4e0d0737b23b93906c400490b3,2025-01-06
280,280,Teresat.280@example.com,d7f96b8b0125d3a194c41aa3c2ca8a785b9149d37777ee0079780ae9b114aba3,2025-01-04
281,281,Paulb.281@example.com,ccdf661c002c8f7f30392cec2e4ff1256a1715a751a1bc5d9fdb6dd0b4eedbc4,2025-01-08
282,282,Joshual.282@example.com,564f0d634ce7b3eeb3c87ab228f1b8750940023fefc05a756247bf38577435e6,2025-01-04
283,283,Amandae.283@example.com,0c55f098b9df4c073b16c99e67509539a24d725702d27cda77b634a828e41492,2025-01-12
284,284,Geraldg.284@example.com,07d923866fcdd46befa2a704878f095ac9393ad40d325d500b2cc5ad71dcbda7,2025-01-03
285,285,Alans.285@example.com,5a0d000909f85cc20e570b8039a10dc70b819de19a817dc133118a501dd9b07a,2025-01-05
286,286,Mariae.286@example.com,ef8bc04ec28a800cd52d16d3009c44365b158bf562f4f76553c1c35e9a59d5bf,2025-01-06
287,287,Nicholask.287@example.com,890c74813984c73d11b7a1b5536f15474dd854abf18009b7fc619eb66c37c29a,2025-01-04
288,288,Andreag.288@example.com,bc7cd3a5ae35bb37b0cfcac9c4119cbe79a3d513655df9e0c49db12fb3258ea7,2025-01-07
289,289,Scottc.289@example.com,37b80d67cb5257ef27ace7e977c3cad9927f8b9792ca0081f5cb9fedb21281c5,2025-01-04
290,290,Teresaj.290@example.com,896feda4fa287834e22f151a65ced5a45ed9e56a6a7f1ac567f704b5deec2a81,2025-01-04
291,291,Toddl.291@example.com,8863b6be9d17ee4cf28a7cd9919f9a8c0e362207cf6a6d55932f9ea9c0f2a963,2025-01-09
292,292,Kathleenj.292@example.com,34555bb17dec979e9b399d1b829042f07dc429f96b00d18ad772b55f7bc3790d,2025-01-03
293,293,Glorias.293@example.com,9c0393bac28e9a821c6411dc9f7943620d1184ab10cce8a0a8ea97f8b4bd7bd7,2025-01-03
294,294,Jeane.294@example.com,4afbe2eaf135b2b88917a702c68eb91084c9e794a568c934d938c7f1b156c90f,2025-01-03
295,295,Katherinec.295@example.com,887b3137a2900fce5a9231ac3957dabdef78d4dc8e4c0d3c739ece0677af7722,2025-01-05
296,296,Kathryne.296@example.com,5dbd5ba27dd069a69f2989775aea07aed14051d909442c8706aa32ce5ae7a771,2025-01-03
297,297,Phillipk.297@example.com,1deb8ffeb5c9a55a874749ae86acd1f50b86b2c1e4ae834290ad0a79e507e6b0,2025-01-08
298,298,Timothyt.298@example.com,3d37b53b125f47d352e593594e86b84a01e818688f08408ce293f853ca4d5990,2025-01-09
299,299,Dianac.299@example.com,7a36adfaf10fc9d86a918613c7321e9bd2c375869145f5e38c7de42a0a033731,2025-01-11
300,300,Judyw.300@example.com,fd9df81d74cc456b1b34e727302ab0c714c679dc1136419e59b55757a6229013,2025-01-03
