id,user_id,user_email,hashed_password,signup_date
1,1,Lilliand.1@example.com,cb21d51d7ee4ea107c8d6fe07b287f4627983566d08946e8a0d9299937c50a53,2026-09-21
2,2,Gloriag.2@example.com,2a05d9c86cb31366188d7a95fe35672b22492fdabbb1f5977082c24f80ab3ce8,2026-09-21
3,3,Martinf.3@example.com,10a2e3f83cf5e0bf37f39e69dd989cd1b6f4b18052f6eb073108d9e78305ae2e,2026-09-23
4,4,Timothyp.4@example.com,48906297a1068e4e02d3816467734c3b8c666809618750308641d07f2c19345f,2026-09-21
5,5,Jimmyd.5@example.com,877979ecadb4833ea18bd0067e6c9ce643a3726a66fc0d9a5ee3f45175d0c9ea,2026-09-21
6,6,Jasonl.6@example.com,c03e6955babd8a3ae6397a8f8dfc602554606eb94c957b91dfeff875be364029,2026-09-22
7,7,Katherineg.7@example.com,04498a92f04dab1db384b260082f0507e1c9ea91cffa7216eb5613096a7638c5,2026-09-24
8,8,Michaelt.8@example.com,add1623d3148508b5535478bbf667996aae3efdbd1ff91386451114e82868b8d,2026-09-24
9,9,Francesf.9@example.com,055fbb343a73f24bcde03083e892cb7aa2ace3908464bf3cdc8b19e188ddd50a,2026-09-21
10,10,Dennisn.10@example.com,fa5e057c83de326cd7c008b812f18e885a63969afb8236aeb32c968ee49be461,2026-09-21
11,11,Andread.11@example.com,880ccae8d93da555eeff57cdc85bde16dd673d1694dbca051ec28346c81d163d,2026-09-23
12,12,Lillianp.12@example.com,c5a142e88d6554bdc7399d449fabec61abc6712ce5145b31720d3cd63ca9af20,2026-09-26
13,13,Phillipj.13@example.com,b31da0501d175408d3f5679f2eb2eb0c0b7103aa94489009ef7434262806d1fd,2026-09-22
14,14,Maryo.14@example.com,101ea43ef017a0572cc1d843d00c75501d5684ac0f9fe43eca88631a0ed46773,2026-09-21
15,15,Lisam.15@example.com,38c81733f9a7dd3a05b06e705f1f6c68d14cfd001e3d3dcee7a93ab03bb23776,2026-09-24
16,16,Christinac.16@example.com,eb364f99dc29082230df31bf6845dc727c8245ecb51c7e6f2153768b2f7f489e,2026-09-22
17,17,Adamb.17@example.com,214c3e3890763c53c1c571d96109ff42e4f67788a8e008ac80fd8fbf5cc24b42,2026-09-21
18,18,Mariar.18@example.com,7c33570fb348b089c2bf02d0b9dd2ddb3da912d931485a571f7078416c831ef3,2026-09-21
19,19,Barbarah.19@example.com,4eee2360db614e31db6d32fd2ebbff4e8edb5829eca5b65d0c154423ce066e22,2026-09-23
20,20,Maryj.20@example.com,2f7f73f98e4f2ac7626d49f51f23ef2f07f71d56ad7c199d9dc51e52ce971ae5,2026-09-22
21,21,Geraldg.21@example.com,f79c500ebf364d8e383037a7cebe207338d5e3f95de762290b2556061d783dd3,2026-09-21
22,22,Victorg.22@example.com,055b7f340925a95d7f52bb5661a75e11fa9da6434c3bfb931e4b8fd62390f0be,2026-09-22
23,23,Andreac.23@example.com,39d7c7d03207b9fd245a1a557824ad13468cc731e7394204333f563d0747ffab,2026-09-21
24,24,Shirleyw.24@example.com,853f05c0ce606aff937c0a25c17660bfd4f1148a85dd19d811946bf4581c644f,2026-09-24
25,25,Seano.25@example.com,e5bae6e7e2a3d40d6e8461bf8889a09328ecc0aaa9bc6a98da5c11f3a0efb873,2026-09-21
26,26,Joshuae.26@example.com,37616b174da546e06a479833c84d89607e74d90d4e1485b0b3c6a6aa49cd0605,2026-09-22
27,27,Dennisb.27@example.com,39039e558d5c4f3bf7926714d1962bd8afa593d51941a5164eda338af3a23693,2026-09-29
28,28,Lauraf.28@example.com,6f6c3dabe6e8ee665a14ec0c910b024c1df0c49e77903902356ac678c52f4e11,2026-09-22
29,29,Judyt.29@example.com,b0cb68d3c07ef21fbeba852177a81a6c6f26101c1be7c295e712ab61abb62d85,2026-09-21
30,30,Johnnyg.30@example.com,33b42c6efc83ed8685ce4a6d214b96c89f816ccb1b2d50bdf58637f2e7957390,2026-09-21
31,31,Annab.31@example.com,b9dca21014d38e2b9dc3c87cfb15787080b0973e6a60b4577821c23c69747d90,2026-09-23
32,32,Harryc.32@example.com,9b3368bfb2f1abc2cf13cdb8d8bc5d10827596fab82c682149dd8e332bbbc083,2026-09-22
33,33,Kellyc.33@example.com,2a0abf08b001c2e38cfb89262780bd25fa80d3f62a325e78d26e9a360746800a,2026-09-21
34,34,Gregoryc.34@example.com,94d86ead7b5aa25f08881755dfd56963fbf0ba5ab98aebf06a9a158431998358,2026-09-24
35,35,Seann.35@example.com,a18437c124b8557efc3aa09adbf82272025ae21406c651da730a00e3246969a8,2026-09-24
36,36,Mariet.36@example.com,2307432ab5bc4c8828e28a3ce58e9ebf74893f9428775940e87b209de44e9f1c,2026-09-21
37,37,Kimberlyr.37@example.com,d2b56f0f0409eceb7741be161e196e077a0e79e5b1a0fa7ebcd8246750ded62e,2026-09-22
38,38,Louised.38@example.com,18b3517ffca8341ab35bedfcb7fe25c686d7d2334db9958ffc44e002111ba405,2026-09-29
39,39,Marien.39@example.com,7e3ae165e268888f7a747b8234f72f51bde52405b6d56711eb64f75597223c7d,2026-09-23
40,40,Thomash.40@example.com,accf5437f1496ef92b3ab8e5d4c151729a1322e3883e5670d46a6685ccd3d97c,2026-09-21
41,41,Jasone.41@example.com,7e1c0cdbbff00d6bb35acf80bd6e99a6f16e3738a1ebf010914df41319179157,2026-09-21
42,42,Amyf.42@example.com,457c31de0d5820b0622b7fc77a68904a33f0e2d60befd244f3b8790d2ddb2f41,2026-09-21
43,43,Jasons.43@example.com,327fe157d36e67ebbc0df5a271d3d5227509222063bfe483160291af122be6fb,2026-09-25
44,44,Frankj.44@example.com,1875c7e40d081046f4e750295bcf24f7adfdd6309f461efdad6de934b5e98d43,2026-09-22
45,45,Nicholasg.45@example.com,a231b88cb1f7cd01364e7c95748fe04bc93e8fb3fd8896f60038ffc8ce635411,2026-09-21
46,46,Brendaj.46@example.com,1a268f2a936b0784da0feae17cb06eac9475470e4958fcd4a2ec24b50341fc13,2026-09-22
47,47,Jasono.47@example.com,77d740956bf7fd38ad2479e2cbeb44b96ce0f36dbd716a502aeaf87710d8fbbf,2026-09-21
48,48,Barbarae.48@example.com,8b25e74c6182503ebdd97dc6493f422410b4842cacee61cce25890d2454a626a,2026-09-21
49,49,Mildredj.49@example.com,0e19b3c456d83382a34a2b845ffc27efbb66c6f4c81dc35a835837439ca944df,2026-09-21
50,50,Davidn.50@example.com,6a6c475f9349feba33bcdd9391b64dd7846be3c2441a62524b48818dc6599c24,2026-09-24
51,51,Adamh.51@example.com,633471bcd31bb1b855e64d32f99906d5c7d51d28d7258abf0ff9aaeef7fd5e38,2026-09-23
52,52,Aarons.52@example.com,174203476ddfc23cdb1705c10d2ffc293be4e0c6c164d61dd4c60472b64ce033,2026-09-22
53,53,Martinm.53@example.com,76946f9b31327f9b2d60aab4e545f799ef232eb5642f67f527007dd43247b30a,2026-09-21
54,54,Henryj.54@example.com,c98ef2d6532e5daa6c215087be5aa919d2628984bba708f7433a8591097eb2e4,2026-09-22
55,55,Joshuaf.55@example.com,4804c1660484cd38cbae511b7afa56d61390599163d3b031d0440481fe1ecbb2,2026-09-23
56,56,Geralde.56@example.com,33c8e4d07395b082c00161950ec56a79e4e147152e711caf9bd3af93eeabd6a3,2026-09-23
57,57,Helenh.57@example.com,8d396027e0e58698454a3cbc0e05fec2646c636faf76a5fffc3800c872243229,2026-09-22
58,58,Shirleyd.58@example.com,8c1a5fe4369d7448bd92c1528cbe9d19f5844e1c7c9a800233d4113dfaa55c0c,2026-09-24
59,59,Kathleenc.59@example.com,0e38484eb58684487955c45e8edad603e70ebcf310753056047a4353c420bc16,2026-09-24
60,60,Geraldh.60@example.com,7c4099c647c31097b507aa37c774ff09fc80f67a981d43fca780b40514e9cc92,2026-09-21
61,61,Jacqueliner.61@example.com,8da8db5cbedd9e222323152c777a4dbe3ef2a71284de6aaa46f811d627c07199,2026-09-22
62,62,Billyd.62@example.com,61cbc8b781e49fbbb38f90476cd075515971a5d9cfb22dc4b4c0ecbd158c5afd,2026-09-21
63,63,Toddn.63@example.com,6628df5d577c646f50357432e43bfaf46d0e59a314210dabb3ae9c92f964b11d,2026-09-21
64,64,Amyg.64@example.com,8f14c38e372141a6c5d8afa9961296749f1ab6f938c9fbce3a2bbda9825bcf23,2026-09-21
65,65,Annap.65@example.com,70d30687efbca19c8518ec2029f8b76bdec972e664f68c75241fe5f413c8c2e4,2026-09-26
66,66,Amandap.66@example.com,dd90ac78cc02393910f1f27111ab583a9fc9809a53b6c8e432bd67f1d6503f0c,2026-09-22
67,67,Shawnh.67@example.com,6e23276e490826f023bcc4dc9e98c01bcbe355711c9c73f284fa83f54f9244dd,2026-09-26
68,68,Janec.68@example.com,890b887c490c329b76177885b9591ba08a5e2aca930cf1bfa2c966996a47b229,2026-09-21
69,69,Maryl.69@example.com,2b45d51c763d3d60a21955b42a2bd06014eee3194ae876579a7c1ef6796c15a3,2026-09-24
70,70,Mariea.70@example.com,4a236e268842c589ae4b0fa34cf0bf612b985596ec1addc0393375f6b7bf8ff5,2026-09-26
71,71,Sarahg.71@example.com,db0e002fc53f00f1506dcf129c0dbdc20e2744d3e69ed8f0922d88d8ac03dd13,2026-09-24
72,72,Henrys.72@example.com,b269e026cad06c04f7d78ace18733d462741f53ab9925ee0a98ba88d10b8514b,2026-09-21
73,73,Johnnye.73@example.com,395adf139573d383b768d136dfd2a075b9e20abf2f113bb64cefb23fec5c4107,2026-09-22
74,74,Sarahr.74@example.com,48babb454cb31b0a2f353d5e6a3b0e0a58495caf5706d8df4dfad0bfacedf85a,2026-09-25
75,75,Victorl.75@example.com,6042a4b249f3573fb6c9eb9c0aa808238ee3e8d023ebe9a20f17323960b04bff,2026-09-21
76,76,Toddb.76@example.com,c173f5ecba49aec70b092c6476c9fee409b6a93041cc368a0d8a9d6d6662a980,2026-09-21
77,77,Timothys.77@example.com,ed7b4710ee770ba95e21fbfc5e5c8135194c42be8215e72b18825830421d4fcd,2026-09-23
78,78,Brendal.78@example.com,8211cd8cbd095cbdbee39b5772a9b377a164819db64f7ce049bd5d8d00ed5654,2026-09-24
79,79,Gloriag.79@example.com,87694159fe0682ad4b726123add7879934c2a531772ff1001d714898d0711de2,2026-09-26
80,80,Kathleenl.80@example.com,0cff9d7039ca99e0faf9957206b1faba6c57044f83b8388f3934a2fc3c517304,2026-09-21
81,81,Billyd.81@example.com,d4979f9744c1ac04c4c9566bc813a30bba08b24288adb48a4d56175d7c5700b2,2026-09-24
82,82,Shawng.82@example.com,b661890e8222a53e43a794eef1b68589a0f41e3a18782308f2e587a4e2994fca,2026-09-21
83,83,Jeanf.83@example.com,ffb15bed664b83d11d64cbb1f3df211c0b318268a233459f50cf33eff93581b9,2026-09-22
84,84,Jeanl.84@example.com,62c6f9a208686cb5310712f5d86e5d0aac62d33c199af64e13f8ebb0c76620ed,2026-09-23
85,85,Williet.85@example.com,f5f4c36bab0e227a6541ef7e059ad131aca9b7acb6f24d648eece24f3a4f1313,2026-09-22
86,86,Joshuar.86@example.com,db1e396ca03651c0553e60153cee2e2f394f727b42bf0865458dcfe8615fede5,2026-09-21
87,87,Scottl.87@example.com,5b4f3e1c91613481229321af5d80d6b5a0720b58471ca8e480ecde194ec530ff,2026-09-22
88,88,Nicholasa.88@example.com,240ba567369d8b4ee7bd9a0f39f7cf1ac595fb1ac4dc9ccc1bb6179cdd76360b,2026-09-21
89,89,,33fbe1898cb39cb2b65635218faa46bfe955254160adc7bc83c0f4bf9c7a8b96,2026-09-22
90,90,Annah.90@example.com,2fe079eb0dc896e0d09e74753dc7c69d5ae3a803195cf7be9f54b5d7af9e67b4,2026-09-21
91,91,Scottn.91@example.com,a08e048c0145f32c876ffdd65bf06f3cdf4eabde31454971c64d439352c4636e,2026-09-21
92,92,Davidg.92@example.com,77e4e653dc2f81cd0edd670b787fbb216b362c93eed5d7b9a858056175e14f10,2026-09-24
93,93,Scottw.93@example.com,5f2bacc6d6314ba589e53b4816838e1bf72b225009df100da792b3af6859efdf,2026-09-22
94,94,Judyc.94@example.com,715b9fad887fec31545451ff52ff9059771db99d67df35387b98fae868ebfa84,2026-09-22
95,95,Annea.95@example.com,c32ee58a0401c63e96b37087ecb31378ffdf97f418fd8457af6dc4d9956d0ab2,2026-09-21
96,96,Gregoryj.96@example.com,84855ae40c98d3c3d6e23a2d7822d851cf1037b6f8a641a8d16be9ddf94195af,2026-09-22
97,97,Martink.97@example.com,4837db1bde85f83647e104cbbaaa9ebd2ac97b86c21532fa1d0ac612bdcde95c,2026-09-21
98,98,Shawnl.98@example.com,11fcbe410930fa1da038631571e99e61ff4b97044745715233fdc7921fa2cd03,2026-09-24
99,99,Shawnk.99@example.com,35ad0f727fdbb99c5e792e480ecc874dba362d3f17d837988423130a6f59b6d8,2026-09-26
100,100,Brendac.100@example.com,418f201cf9918ab8b68586f3bb35fa1f3d1180248c95b40c918b2639f65a69e8,2026-09-25
101,101,Joshuap.101@example.com,efdf7a0bb26b1881cba6fd88a78b2a862a1bcd9db5ea9ee090eb966b91567fc0,2026-09-21
102,102,Nicholasc.102@example.com,4b9969631a27d7ebe669c261560fc84ebde0bee95de37f30952b5e63937c6d7a,2026-09-21
103,103,Victors.103@example.com,f1b847b406eb03c16c3506ded902f68dfec380b8ee1643acd08519e4348f0861,2026-09-21
104,104,Roseg.104@example.com,0c483cc6d08dc8846877bd2eb384ffe1e1f12a22e51eb7d1da90f67912ce77c6,2026-09-24
105,105,Nicholasw.105@example.com,c648232fbfb724a196e817c8ddc4ec8c77e6d284701071af3e0351554651b601,2026-09-22
106,106,Williep.106@example.com,8e8cac51183ed0fbd8e894c11e096b03dcb8d89e0ad4914ac75527bd72e56875,2026-09-21
107,107,Kathrynn.107@example.com,75405c867f381d2eef406ba5ee9a5575601dff041f03f2db8530c33ca04cf188,2026-09-28
108,108,Brendak.108@example.com,c530330348aca85c6a9b5a610e852221a51019ec8733a95f0466832b0f838ec9,2026-09-22
109,109,Saraht.109@example.com,a80ba473cd37429c68fd03a223ed560cb376d323c472f971096e4e75cffbd564,2026-09-21
110,110,Katherinet.110@example.com,e58d47500a6769ccad200fe57f6c6e78d89fa9693c261a60eddd9a3529a64629,2026-09-23
111,111,Lauran.111@example.com,b05257062452a1757aeefddf8722228f561205193e020fd95a44600a4db15072,2026-09-22
112,112,Davidj.112@example.com,c762c95d9ebc3de8b34ca0fa00ed31f2a9068727760af40c910fec34ec72a5dd,2026-09-25
113,113,Rosel.113@example.com,3c96cad55137fe97d383c04fccf8e478d00f0066f919cd6dcc217cafcfef4efc,2026-09-24
114,114,Nicholasg.114@example.com,9f7d8d70f62607e73d6782bf2877fe452c8c37c8444784db66726a900bd294a9,2026-09-22
115,115,Philliph.115@example.com,6ad0f065dca84ed8c8bf4a504fec521736f2c7e1ecf92b54c9c110c8b0915326,2026-09-24
116,116,Normam.116@example.com,3eca378efacf8bf57b8afee9e8eeec7cdea875288e1402eeb8eb83079599dbe6,2026-09-21
117,117,Francesa.117@example.com,4dec8a3e9d724e986b7eb9acefb03d439e9ea9f7b4b035a8ab2f491675b6ba16,2026-09-21
118,118,Phillipr.118@example.com,25325da45fc18ec934fdf11ed6810daa553f46d86a07dca7b8b6bfab4d1cb72a,2026-09-21
119,119,Kellym.119@example.com,a312cc89701bce2a33bd2455aa6fff4ff0139c7feb98c1cbbda2d0b8f93e8a61,2026-09-24
120,120,Haroldh.120@example.com,32130fc6cec52d428e3badd39e3ad31e5b23a78fe83dbf1039c61f2d6ff9cd87,2026-09-23
121,121,Scottk.121@example.com,019ed781298945d4b8ae7923a32baa5988e52c792fb9b16666724eb62bfaa541,2026-09-24
122,122,Jimmyd.122@example.com,c8fe55bf84b79ec7f14a081ad1e4d4c5e8ade5b0ce62464cce5c1ab32e06d02c,2026-09-22
123,123,Janetb.123@example.com,77df47daa9ab22e440e61f54f580dace51ec755cbce446de9e8f8af9c7d58063,2026-09-22
124,124,Sarahh.124@example.com,192074a9c5d2f03046a8a7cf8747841be4a1624f308ee0fbe9a384232d495cc4,2026-09-22
125,125,Janeb.125@example.com,b40af71799eaac1212830f37c4a93680a43f9b5eaa6ac3f4024e7a11436b55ca,2026-09-24
126,126,Henryl.126@example.com,1e84518a1d757f395ff8e7f7bf9c0b0cc3a96dd1fd38ed4cdcb03aa6f2b65a7a,2026-09-21
127,127,Lisaf.127@example.com,931b78b173a6600c37c4273ec63c94b110279474d6c9a6ccbb78741cde44dae4,2026-09-24
128,128,Christinah.128@example.com,5d456f86e9f5b8f323be89d469fdc249ad159f50b85193b3a49b70c7226a8091,2026-09-21
129,129,Arthurh.129@example.com,5ef512843fd8f7f2c402f23e3c0d8639e71bf19257e2d8cef54577abadc00ac5,2026-09-22
130,130,Theresag.130@example.com,48151fc77a6cc5c43ea24eb4cea8cd69befcb6a2c856132430aae52c2039fc40,2026-09-28
131,131,Michaelh.131@example.com,7e31d3a578c45800869527cb91572a0581c35f4a48ea305d4c2a064d18847b5b,2026-09-22
132,132,Amyt.132@example.com,338df7107807a75b48098d0a98b792af0255abb93a9f5f7d06dbb886dda0cffb,2026-09-23
133,133,Judyd.133@example.com,1e06b50b0be6ddfcd49201304a2f019197d17d20fbb4291f20fcb5ecaac0d79d,2026-09-24
134,134,Jesseg.134@example.com,889bb19934e7d19609e4352c12df687f57f6dec5a37ef939baaba6b37d615fc1,2026-09-23
135,135,Geralda.135@example.com,fb9b2fd45c75e465ef341ada327dc1b00af120aa4568eb6b69bd55e69e119303,2026-09-21
136,136,Stevek.136@example.com,92ce0386cd1568bf01fb52ab7de3e0153759ca79e2113e5208687bfb627a13c3,2026-09-22
137,137,Howardh.137@example.com,ef3cc06b5947ad415df52ffcd260be06f767d9d88abb1f9f7dc002c9cafbca8a,2026-09-22
138,138,Janetp.138@example.com,e71beb90e92026512291aa4697e42d4798b3e27ed6c6b307cc15afe6355f9097,2026-09-22
139,139,Pauls.139@example.com,b40bf90e564c756f7da43e38516415f6ebfc7e06784136800ffde215af9431dc,2026-09-22
140,140,Jesseb.140@example.com,b2f805eae7f3baa5f88b07a68e89c83f6ab4fe980df57c51c5dfe7967e73359d,2026-09-22
141,141,Janete.141@example.com,1b54a260041d2bb88ea2d0c1ba3fd8b6ba2bb8389a618a9596cb4cdd83707cfe,2026-09-22
142,142,Jimmyh.142@example.com,6e37b6015f56fa95503b53d9de8a19f4f5c1172faa3515ffdfc757e09f64ec79,2026-09-23
143,143,Frankl.143@example.com,49a98978846e4527b9e100ceb53ee5bf74e149a882bbe9f507fdf72092f6c233,2026-09-24
144,144,Normam.144@example.com,4dfba844d5bcbaa441bff028ecfa7f51d4db82bb1f68395692aabb3ac5723b75,2026-09-23
145,145,Amye.145@example.com,8cc4cee19fe672284773a5d1ca6a5a5934d85bef1bdacd35dfa7e911e015fe8a,2026-09-21
146,146,Seans.146@example.com,655fb1c3e62c528cd58be27f626cee036a03a213292080d622fe07d58ac318ad,2026-09-21
147,147,Jeanb.147@example.com,d40ae5437957e19d1dbcecb8fbe0d46f536b1adab626a98f49687d0b294fc9a1,2026-09-21
148,148,Alanp.148@example.com,f1c9939cd2f0dad5d85e7f89702d9c961fdcf7f2ddfcffc302f003b1594eb0ba,2026-09-21
149,149,Judyp.149@example.com,8eac2d4d6ca17fc572164249f726625f57ba7a912467d3193fd01f771552a0d9,2026-09-30
150,150,Francesc.150@example.com,b0482b35827df92807ac70f5d7f39224b048ee409aba69e847962e13b13d18e1,2026-09-24
151,151,Annet.151@example.com,1f2276c05ccb96d0acaccbad8a2de65a887bacb50a265773cc4f5086153520a2,2026-09-24
152,152,Benjaminb.152@example.com,f7d645f7f99e129618ad57e9ecb3317f59740ac96aa19c52f519a6bd29e6deba,2026-09-25
153,153,Scottl.153@example.com,29c4e026eed35ac4fa1e52cfb0610e8d087dd11f867c82176a8956b91129f9e9,2026-09-22
154,154,Michaelt.154@example.com,ad8e6491b951c7851ebd6fe90f9a3eb2f64b9abd05aa74f126306a03ea2556d6,2026-09-22
155,155,Pauln.155@example.com,b97cbf464216fcf770b93bcd1b26be307611f2d318528c33938682d4731073e6,2026-09-22
156,156,Jackw.156@example.com,4b6e5e18f42a512cf4010a07737cf0eded24461f2dbb61b348d7369ccc4455de,2026-09-21
157,157,Scottd.157@example.com,d52bd8483900ffae3c106aea7d05609f53a850eff3080588b9fd832773672aea,2026-09-21
158,158,Christinac.158@example.com,14b5d231f9a1b5632842808fe5223d232f9a15167db5d7f7345035bb5d124088,2026-09-22
159,159,Pauln.159@example.com,c6d8e0c1bea4b8ed19d138ff3a9766b26a11350948471862da4dc294a57c86a8,2026-09-22
160,160,Kathrynm.160@example.com,4e7fd194ed6eae08a11621d85b94ec5c5bd3da037aed8c8974b031e20f34dbfc,2026-09-22
161,161,Dianap.161@example.com,4837998c4e30aa5c6aad6bd307d9f4bc471c75bb04328f555609a10eb5f11665,2026-09-21
162,162,Elizabetht.162@example.com,767d50ae4acb4e2ec3cdb75e41642c5d545d5e99abd5abd831edbcc98f1dc572,2026-09-23
163,163,Howardr.163@example.com,cf0591f4e2ed9b771a196776ffb3c8a7ae017f3585cecaca43d10af416445f7e,2026-09-21
164,164,Adamo.164@example.com,5ab62d48124c710e3c71ca8f3445096b89cb2867d26821512319a5d02388acd8,2026-09-25
165,165,Martinb.165@example.com,b28461380dfb581f502dfbc6fdb3313f8bb261b8cc7dd705d81ba9aac3d53e50,2026-09-21
166,166,Jasond.166@example.com,90424d3febbcbd022466c7cf3c3e817f90afb1ef739af19d989cf7af7d7e8a28,2026-09-22
167,167,Normao.167@example.com,251df861d1bbc0c5405face7e86b34866f0380a51f588e72865616584aed7dfa,2026-09-21
168,168,Geraldc.168@example.com,7c203bf959808c84f2501a7318e1110c1dba88d4b5733e470a03352170128b9f,2026-09-21
169,169,Willied.169@example.com,b586ee0220404252dec020f1ede9be4ba2e817343a65812caa829fed6584bbb5,2026-09-24
170,170,Jennifers.170@example.com,76b88b14aca3ae8cf5768cdea3fe941d9e835e3e7c8d9dd1f74bb0bac5029b31,2026-09-24
171,171,Andreae.171@example.com,83cddb82b4f9509e2819211658ed9aab1b55292136cfee9f5df14d4167f4ac01,2026-09-21
172,172,Thomasj.172@example.com,89d949f9d87b2d52452cdcdbe25e6bd270814d0dc556c8f108ad7d0cc9bd27f9,2026-09-26
173,173,Christinal.173@example.com,5e642d7d02872372ab899bfcdaa43c328e379505fe2e1ab75b52597280f79432,2026-09-22
174,174,Sarahm.174@example.com,3fddb7b34ba83414a52b2ac66f2633c05755f00e81d253c0f46b62199926e461,2026-09-22
175,175,Barbaram.175@example.com,24c841f4b08ea8f2c953ee7a4a4fd9b80c0193c767e9e39128f53596aa499447,2026-09-24
176,176,Mariaa.176@example.com,57b304514384337059b0588bd6729681d65e8360373bd6bcd1d93db7614a07f3,2026-09-23
177,177,Stevet.177@example.com,970531eafca8e3db0830c6986215b246f9b763912df2779e85f4a2681db518bc,2026-09-22
178,178,Dennisb.178@example.com,574c0d41eeab8bc3d379e83a52401ecaec3276e08a60cb59279d81c8c51708c7,2026-09-25
179,179,Normag.179@example.com,4ab5c11a7a1b13806c13f2fc0964d9c2d2d35848e467f17b7d4a135b1c95559d,2026-09-24
180,180,Louisej.180@example.com,070ff34d0295c6f2e87b84842ebf676095c03d3acc1103d407f644b20e6ab067,2026-09-21
181,181,Harryg.181@example.com,b9e1dd500a22c93d9035171209d48a38ee939e9c41e3622c49c126ab05dcc18b,2026-09-23
182,182,Kathleenw.182@example.com,25736c4e8b5337367a7850cb09d17247df90fc8ff201c177e8fec31390c3817e,2026-09-25
183,183,Elizabetho.183@example.com,6f0731ae65fb1ffaf327222d5d050b5d64dd6da47448835d0925b3f73fff9c1a,2026-09-22
184,184,Francesa.184@example.com,6c00d946656fe9eab1d8b42592c5a84221b3f4f47da1dae77d09778fe4c9502a,2026-09-21
185,185,Edwardp.185@example.com,aefdd2fade6cc56e309c271ea93e921e3e92adf049f1475df99b88769069ae9f,2026-09-21
186,186,Fredf.186@example.com,ebc6e932f5a682c8f2c18f1b61f3fa588a3b9e25d71f8dd0a8009d8578330bc7,2026-09-21
187,187,Mariep.187@example.com,cf40d82a0278e735d61f76d23190a6774b48d9e3eb6b8985b7a879421cff0dcc,2026-09-28
188,188,Margarets.188@example.com,778a037f5a61f3cf06f1300056d0eb0675b665aadd487db1d2afa4afde90479e,2026-09-21
189,189,Phillipr.189@example.com,1c2e6ec67b92a3a711f2fcd1f00fa675bf5f86aaba5b0a822805907c45e7ad41,2026-09-21
190,190,Amyl.190@example.com,4810b43896ce86fb32b1492dbb38de0d0df2afa10e67711f62fc7fc7a5021102,2026-09-23
191,191,Willieb.191@example.com,21e7c4ba53c3ee680c1357ccc94b18a14c4b2928a9ba3944142f9c4d711d5b03,2026-09-29
192,192,Paulb.192@example.com,720ba7cde8f0a24fe92c859ca5c3dc1a4a396de6e8803fd77dca70e8265298c0,2026-09-25
193,193,Timothyw.193@example.com,efe19d1f53036e790d77d5fed8881d6e7fb913b3b5b391a366680ab04e29d6d9,2026-10-01
194,194,Mariad.194@example.com,c2adb3e082726d6cbc4ce6a3a4be0f33df83a44454576642018bba2113d8c5b1,2026-09-22
195,195,Michaels.195@example.com,7c519f543530aa953cbe71ae47bd0230f363fd4a112df89d3891c51753a46e20,2026-09-24
196,196,Shirleyw.196@example.com,2ff3ec7f17965513ff0791e6687d7bd48461a992a9d2231a60f5e01b25a6de60,2026-09-21
197,197,Aarons.197@example.com,cbf24806c3b3dc1a0a4a10a60b66d8c676c94780e72a33bb35f7db71daeb001b,2026-09-23
198,198,Nicolee.198@example.com,822a7b30d4299a27d69aadf4b37ef77423ccf92856c5ad38cc3c8f5e40b1c5f2,2026-09-21
199,199,Howardt.199@example.com,bd6e9ba32de744db56ed565a43cd67560484bd48befa1cb576ff69763a81fbbf,2026-09-21
200,200,Jacquelinen.200@example.com,fa40f3b95d7da9f4777bdeb5d63ce23dd726862dda9790d4c21ecebefe1b599b,2026-09-21
201,201,Kathrynr.201@example.com,edb8be76c83a3e88dba349d19940b1c7529dd1541536803519101ce4248b4a5d,2026-09-21
202,202,Jimmym.202@example.com,2b04b0b8f75b3a16760c8b16ece237f8aaa626a6c7dd0b0f2e10c15e8a4f9401,2026-09-22
203,203,Fredo.203@example.com,71a9dbf3299a8f6a6dd6668cb283ec0cf6784ca5f625cacfaceb53eb9648e4c9,2026-09-24
204,204,Alanf.204@example.com,51c29c48c49b3628cc46b68f5e494ac94670df2feccd1fc0c6961fd8aa8f68a1,2026-09-22
205,205,Michaelk.205@example.com,d1ea1e2afe3bef0468ab3d52fb03c6574f56bdc6e090601a72f2bd62a2013cc4,2026-09-21
206,206,Victorj.206@example.com,633a0a60822555cbfbeb0595876e576d7a7917f6f1761dd785b63add81d87dcd,2026-09-26
207,207,Annef.207@example.com,1a14200a7ab9de4ca03225f187f5ae9baabe87e2ccb40d42c246cf6eafd53cc9,2026-09-27
208,208,Mariam.208@example.com,421314ae29d2d130e51c1df791fd9569c03f6bb94f9a5cf461fda797789b6cdf,2026-09-30
209,209,Stevel.209@example.com,592c9cc6f42747832fc21842360afe68eb9d57a712ca901687dc75108fa79f34,2026-09-22
210,210,Kathleenf.210@example.com,ded7124541881a8dd50ad0e3323f4fbd452a24763ac092d07438f48b50f51f24,2026-09-27
211,211,Amyh.211@example.com,c0c827383efb88860c39fc992bd0f15702358fa764cdeec73806533cf9360712,2026-09-21
212,212,Barbarab.212@example.com,16fec2367bf82a03f2f6f20378982f4f8a3aa58766da1315f82b4cb8e54c25a5,2026-09-22
213,213,Stevem.213@example.com,88a9d3d5f755d9560df2ff9aaf5fc70f3cd290a7eac2d543cf62036da402ea77,2026-09-27
214,214,Shirleyg.214@example.com,176c62c816ac272f5d2d587a68392a366563df37f92f8621ab76c133f304ede3,2026-09-28
215,215,Louiset.215@example.com,f9401935dea85d80d1ad178d2eadcff685a0500c02dbd259ddd280a8509a4cfb,2026-09-21
216,216,Jimmye.216@example.com,d1f183bcb7b592cc078b97e8de94ae4fe0258ecdf080d203806cbd5ff2101d1c,2026-09-25
217,217,Davidd.217@example.com,44129f47ed0129673bcd6d96495f75fe674ccbc49bab1fedde9a8e2905a60475,2026-09-21
218,218,Normak.218@example.com,ae21202ace3da6ba5424015cc217b5130da02262716dedd226d12e5391da0385,2026-09-25
219,219,Billyb.219@example.com,d0e14289142ef62bbd23330c0eaa098d9ffb34e402c73da94337cdef08cfaa6f,2026-09-23
220,220,Martinw.220@example.com,3c1dbd8b87b663e8aa87a69849297fea7921e6e29d57966a67c25c95fe8b9296,2026-09-21
221,221,Scottf.221@example.com,c4116a7a004266dcc88e3fc255ff55e67ca929cc21e737548e8102fc499ebf20,2026-09-22
222,222,Brendap.222@example.com,8fcbe50e226bb9c5e53c9327702463f5bfcd6fb4419724ba229d6d30ab1fcaac,2026-09-21
223,223,Annar.223@example.com,335f7cdfe089486f615ae2d782b7a734865660f89239c305fcbe74fe0de42467,2026-09-22
224,224,Gregorya.224@example.com,2def11f35bf2889162682826aac7104312412a3644039ac3a179f48925559d51,2026-09-22
225,225,Mariaf.225@example.com,eb7498cfce8c6b797a084719583663124cc2249092ae0d67184b9039808f7ede,2026-09-22
226,226,Johnnya.226@example.com,621f3b6fd5e3bc82723cc31977726ad0bf4c046e260a2325f82d393020dcb5be,2026-09-26
227,227,Mildredk.227@example.com,475ac2979fbb69c09e64ad35356ea0ef5c197ba904672d15557ee350e03ee621,2026-09-22
228,228,Judys.228@example.com,54c9f6a61e2378c2cc2f1a5b23fb5117ca4e6eec693b268e846e1c964fdddcb0,2026-09-21
229,229,Theresac.229@example.com,1a17f82a2aa8b08058819a9b22a81f94c976ea7ec2eabd7b73d0edd0c011f5ad,2026-09-21
230,230,Seans.230@example.com,22f65416d23a33999e4c1aff4b6f2690c33c120c09ddb1632f851ea523319a56,2026-09-21
231,231,Dianao.231@example.com,9b8a07a22d038a1e4b15047caa694ee59ca8903205b37136c4a7b601f44887e7,2026-09-21
232,232,Margaretp.232@example.com,dd376cc2884c6fa05a135755c2d863a991e93711e1f74aaf0f32c415c63d8a1e,2026-09-25
233,233,Johnnye.233@example.com,f61e8305be1bd0db411aa28c15bf2a1f6ad802462277ae157b3be9e308467f2e,2026-09-22
234,234,Billya.234@example.com,68c0508203d2e4e72d79992c5b7f582a0d312264a9fba17618bc49eba1905c73,2026-09-27
235,235,Michaelm.235@example.com,556350304175b7f90b638b0174f38b5bb59b951c4276f032e49cfc40b8f3c95d,2026-09-21
236,236,Frankf.236@example.com,5207083c95043d8ce075ff0391e6c8e48c1d01ee902ad4e4061b18bfcff5bc06,2026-09-22
237,237,Timothyk.237@example.com,769504260c421572047acdbba79b334436d089adc6a1ed827e8e163ecb360db8,2026-09-24
238,238,Timothye.238@example.com,fa4705c56e3bf2394e4dbaf6ce6cd6012c1375498a724193eed2e9a918665d66,2026-09-23
239,239,Margarets.239@example.com,3d738b6f773bc6b1a62905e2de40980671fd2f18982fdf1892ad018f78229262,2026-09-21
240,240,Roses.240@example.com,0feb554d94123d9b2e902bf8fd279f580677527ff22f6ba434b5aa31f9daed8b,2026-09-22
241,241,Paulf.241@example.com,0aab0e1b191c630b9ce7c30a76c89916f0a3e57e7e69facb71a310b5c336e1ef,2026-09-21
242,242,Timothyn.242@example.com,d3b52bc86dab17c694a026558f0e87f46ccf55dc360dda51d4fe9049357306d9,2026-09-23
243,243,Elizabethp.243@example.com,92294fdb9fbd471494f739e1dc120e899bb68966247ef3c03042b946e481e06c,2026-09-22
244,244,Joshuae.244@example.com,553e000b947be36b22827872209c3476901b0d270381f1146aa2831b56f4812c,2026-09-22
245,245,Margaretb.245@example.com,4d43ce4669fc27e2d5c13427fd064abfae13d0aa6872113620cf942c4927559f,2026-09-21
246,246,Phillipg.246@example.com,6b3a33c9d81068ab75de1d8ac338fc90d4888c7952df3c23aed65661bf753292,2026-09-22
247,247,Brendaf.247@example.com,1cb00c19ade8eca6d8a40f88b6910355c53ab5d80da002ab29354729da7ccf11,2026-09-21
248,248,Sarahe.248@example.com,424fd9c5f2928fee912fce84a1c9e03a3bd61a6799ab22ef830faaaa54a42176,2026-09-22
249,249,Janetm.249@example.com,567803fad95025ea2c1e9ca89eab257c1c7ba8d02bc3cc392569b858ee5625d4,2026-09-22
250,250,Nicolem.250@example.com,18c059de4ad2c46f947bc214efda09f0d716985532e55e201ced9847a3d3d70f,2026-09-23
251,251,Seanm.251@example.com,d77c5075f5f31cbd0da1ea46a5bf6788efc70332a8461f3d413fe9d51ec4de87,2026-09-22
252,252,Louisef.252@example.com,82eca58f05d2f70fffc1776ac9c7757e32607110bb6f9c268103195cb28bcfcc,2026-09-21
253,253,Christinam.253@example.com,076cc92a62217e12fb155aa8f263a4e438a9db101160f0419056b54e0a04f42d,2026-09-22
254,254,Kimberlyl.254@example.com,9eff012ea18790a1ab3cf160628516815028feabbd22a49be2818b7b0d9a3f60,2026-09-22
255,255,Teresat.255@example.com,68a96517052d6fe1e66b74cebafec817ebbb13b7f00de6dd50f3b879045aade1,2026-09-22
256,256,Alann.256@example.com,c84ceff47ceada8c89e41953eac86e927de3f98d5259a7e22af409bbda205ab2,2026-09-25
257,257,Michaelj.257@example.com,b839350f15c29cbe0b62fd1f8469e14f2259ca58e7db503c9b183d84acb15943,2026-09-21
258,258,,4b37accc8f0c0fd4e9bebb68c04ce86c5865ea256e3d2444cf1a8022e50c8a4b,2026-09-23
259,259,Andreaf.259@example.com,9127c1cf9ca431945f1726d6b01da2fc1b6ef9cb9d6ec28fa13b5ca4ee955c8f,2026-09-22
260,260,Billyj.260@example.com,34a274c8a8fe2c488d37a96e610181813ee70a72d8e373ef83df82490b166c50,2026-09-24
261,261,Davidb.261@example.com,10e0d213f0b686521ced98288f4cd4623a2b92ce996aefe5f10ee00f52f4b72f,2026-09-27
262,262,Williet.262@example.com,374fe93578e13c85b964e0d07edb12583785b2a62920b1a7d283e104a85a679e,2026-09-22
263,263,Lilliant.263@example.com,774412b038863acd8974bfd966e7df5f51bd751ba2f121aa0355454e291c069a,2026-09-21
264,264,Billya.264@example.com,b5befab7f072675f5ba85ac146ab44e9cec9eb538ecd261e3c9446c96eb9c3a8,2026-09-21
265,265,Davida.265@example.com,b20fd190486a3b426a531740de64ec6b1dc0db4eeefe0e4c8360cbefd8dccef3,2026-09-23
266,266,,f91fc7ed3c6a0d1305b3975d9b31dce32c1d6b31c8e75302d99364f5e4b25c6d,2026-09-21
267,267,Kathrynn.267@example.com,9ebbd77d6aa2ed5caf0923a41043f8232b85fa1aa8cc5540e1b01b556715d083,2026-09-24
268,268,Louisen.268@example.com,594a565513ec2e6be2f0c7e1ac1fbea0d535f4f826484e1a70ab5bff4d104349,2026-09-21
269,269,Geraldn.269@example.com,3b1e5caf399eed3002b26de221e5aeeb0eeb334c0dec09e15ee99da0c5899fb3,2026-09-26
270,270,Lisan.270@example.com,0651d0fe70014e9e6c9bde923c1a4c72c6f12d37a4fea1fd0a530ac2cf428713,2026-09-21
271,271,Dianam.271@example.com,6f3c43d04db6a943758050aa498bffe0d6c2af978423b8ae52c69398fe5c3fcc,2026-09-22
272,272,Jacquelinek.272@example.com,c2becd8c298afbf0b675567288a77804d4a9c8439c61a2290683def3642440e7,2026-09-21
273,273,Henryn.273@example.com,771cbba5590fd1a1f9568c69579a1ce311055afa7ff5a2add8728eb4fca0fcfd,2026-09-24
274,274,Seanp.274@example.com,46b54ada48d14686a5cefe09c438072c70e9c5113b928276da1950b9f9d44d5c,2026-09-26
275,275,Janetf.275@example.com,17ca3ac2758687cfeca1a209b8fd096b5a8cf8555ece7df4ebe04e9b692b74bf,2026-09-21
276,276,Shirleyp.276@example.com,d807c39320b05aadf5ffbe9c6161b3e49b2c2ea07aea61fe4f5c5226e3b5ade5,2026-09-21
277,277,,36776bc6a191da1688a348b6f127f5e7eff55e90ce8f6079bc43a1ea36665768,2026-09-21
278,278,Nicholasm.278@example.com,8e6529341edeabaf4fdfb333ab7078cbc6933b4480f19d3c70c75956b5b6ff0e,2026-09-21
279,279,Louisel.279@example.com,0d87cb4eb582ce6706f48d22a2d8c23bb20164e88ae556dfcae56eed3c38db86,2026-09-21
280,280,Mariar.280@example.com,253ef5381c4235facfde7214a2bbf1e4afa5bab2cfa02eb7d6c19ca96c786f09,2026-09-22
281,281,Fredl.281@example.com,101b9b85a4113b38bedba862c882532057d9d1ca3124728089bd250cde3c208c,2026-09-21
282,282,Scottn.282@example.com,87985ab873174f446779d01195dde40d77eaa15c3b3599b5e71c570ffddb9d0a,2026-09-22
283,283,,128069b5701b18dde7254a4e194f72195366867beae94a029c6b073d4a8035b4,2026-09-22
284,284,Sarad.284@example.com,458eac251f9b7cc255dc756a71b6dddc544a06f12adaccfedc4a390c0eb08426,2026-09-21
285,285,Barbarao.285@example.com,31ff17a8303a166aa6546dfb1255fda6e03dfccd2d6d01dc781b356b41ad5b81,2026-09-22
286,286,Kathleenb.286@example.com,f269e7962139ebf302d4d7fb909a615f005193b1ac1e13cad63e01e80dd813a5,2026-09-21
287,287,Gregoryh.287@example.com,27494cfdf0845cf07ac0daf6ae005ab73fcf58af96e24754217c35083233016b,2026-09-21
288,288,Williek.288@example.com,142cfb916746d26c8b63eb310340c9f1a7dadb76d4cc2226d0397571aba7a492,2026-09-21
289,289,,ed8d160e785e748a2828d5aae6adf81b47278a82d53906d61229ecb411d6ae9b,2026-09-28
290,290,Aarona.290@example.com,b23665d86b1b21be17ed8cf2360d69f788faa00f0e4da9863585dd8c97f57c57,2026-09-22
291,291,Joshuaj.291@example.com,db8ae187e49239d4bb157f2c3e7dd2e92fb001f5d6c0ee58a05759a1f1a3fd0f,2026-09-21
292,292,Andreas.292@example.com,6c3da3a1cf146311cb2f058a27b7c2421241d7abecd53916983267520e57aaa3,2026-09-23
293,293,Amandap.293@example.com,f1e9591876b7aa68a74f727de3bcb1a9a86453952e8917c1b80327fb21637362,2026-09-23
294,294,Scottl.294@example.com,d15ae1a1d53793b4cadc05299e3efac8e26dc62e63742007c1ca5634f325cb2d,2026-09-23
295,295,Jimmyg.295@example.com,19850008f87318a35632d0e77b660b9551c5062efdfceec1efcabb52777615d1,2026-09-22
296,296,Thomask.296@example.com,be9574d1808edb6f69ede10503d742e90b608f36c0708a1a835403b1deaaa135,2026-09-28
297,297,Christinaf.297@example.com,592436745a180d67034d67893fbbc291de904ba98a718bd90ca84d0e33d88a6e,2026-09-24
298,298,Nicholasw.298@example.com,119dc05806c30a28604eb18a9942bd8774a9f0a8474c1a7b941e69426335b2ac,2026-09-22
299,299,Lauran.299@example.com,36e09210ce6dc1ee75c4187bf83d4342e7d8b50b7bcc99d9d552b400a7639aa2,2026-09-24
300,300,Jacka.300@example.com,26cd01d1f245957e41b1eb798484b766560452549e0d33c60348134df3b33ac3,2026-09-24
